,Pais,Continente,Indice Objetivos De Desarrollo Sostenible,Expectativa De Vida,Indice De Desarrollo Humano,Pib Per Capita,Grupo De Ingresos,Poblacion,Huella De Carbono,Huella Ecologica,Biocapacidad,Tierra,Idpais,Codigo,Id_Pais
0,Afghanistan,Asia,53.9,64.0,0.51,565,Bajos, 37.2 ,0.2,1.2,0.3,0.4,6e9767f4f15357401b148b9a8ced14ef,AFG,6e9767f4f15357401b148b9a8ced14ef
1,Albania,Europe,71.0,78.0,0.79,5.046,Medios-Altos, 2.9 ,1.5,3.3,1.0,1.2,c420ddff824a5c0eec70dd23d62496bc,ALB,c420ddff824a5c0eec70dd23d62496bc
2,Algeria,Africa,70.9,77.0,0.75,4.760,Medios-Altos, 42.2 ,2.5,4.0,0.6,1.5,575b9408b6daa2ddcefbcf6d81c9b4c9,DZA,575b9408b6daa2ddcefbcf6d81c9b4c9
3,Angola,Africa,50.3,61.0,0.58,3.234,Bajos-Medios, 30.8 ,0.4,1.5,1.8,0.5,232bf11cb81bcdb269f76a08fde8b947,AGO,232bf11cb81bcdb269f76a08fde8b947
4,Antigua and Barbuda,North America,,77.0,0.77,15.135,Altos, 0.1 ,0.0,6.6,0.9,2.9,f7e68bf0791888ebcd5bfc62e022aa83,ATG,f7e68bf0791888ebcd5bfc62e022aa83
5,Argentina,South America,72.8,77.0,0.84,10.076,Medios-Altos, 44.4 ,2.6,8.4,6.2,2.1,3536be57ce0713954e454ae6c53ec023,ARG,3536be57ce0713954e454ae6c53ec023
6,Armenia,Asia,71.8,75.0,0.77,4.407,Bajos-Medios, 3.0 ,1.6,3.2,0.6,1.2,a00c273f0f497484093fa94865cf5ca5,ARM,a00c273f0f497484093fa94865cf5ca5
7,Australia,Oceania,75.6,83.0,0.94,57.032,Altos, 24.9 ,10.1,17.9,11.5,4.5,4442e4af0916f53a07fb8ca9a49b98ed,AUS,4442e4af0916f53a07fb8ca9a49b98ed
8,Austria,Europe,82.1,82.0,0.92,49.711,Altos, 8.9 ,6.4,10.7,2.7,3.8,9891739094756d2605946c867b32ad28,AUT,9891739094756d2605946c867b32ad28
9,Azerbaijan,Asia,72.4,73.0,0.75,5.795,Medios-Altos, 9.9 ,2.2,3.9,0.8,1.3,7176f8c3bccfdf02322c73f7a0bc9688,AZE,7176f8c3bccfdf02322c73f7a0bc9688
10,Bahamas,North America,,74.0,0.81,28.846,Altos, 0.4 ,4.8,6.2,9.2,2.7,6dbefdc38954fc54ea0c697d0c6ec0a7,BHS,6dbefdc38954fc54ea0c697d0c6ec0a7
11,Bahrain,Asia,66.1,77.0,0.85,21.478,Altos, 1.6 ,14.1,15.5,0.5,5.2,6ddecd8ccd9f648d19dc02c7a566cb4f,BHR,6ddecd8ccd9f648d19dc02c7a566cb4f
12,Bangladesh,Asia,63.5,72.0,0.63,1.202,Bajos, 161.4 ,0.5,1.5,0.4,0.6,f78a77f631d275aac6a914a17fe1b885,BGD,f78a77f631d275aac6a914a17fe1b885
13,Barbados,North America,68.4,79.0,0.81,16.137,Altos, 0.3 ,4.3,5.9,0.2,2.5,3214c0f21d200a1dae4eb83a53ec2730,BRB,3214c0f21d200a1dae4eb83a53ec2730
14,Belarus,Europe,78.8,74.0,0.82,6.608,Medios-Altos, 9.5 ,4.4,9.5,2.9,2.8,6542f875eaa09a5c550e5f3986400ad9,BLR,6542f875eaa09a5c550e5f3986400ad9
15,Belgium,Europe,82.2,82.0,0.93,46.768,Altos, 11.5 ,7.5,10.5,0.8,4.3,6c1674d14bf5f95742f572cddb0641a7,BEL,6c1674d14bf5f95742f572cddb0641a7
16,Belize,North America,64.4,74.0,0.71,4.217,Medios-Altos, 0.4 ,2.0,14.4,3.5,5.0,20bca6785240fa722edb5c85d055a93d,BLZ,20bca6785240fa722edb5c85d055a93d
17,Benin,Africa,49.9,61.0,0.54,1.211,Bajos, 11.5 ,0.6,2.8,0.9,1.0,9e7002d53d4db7bfad4f5cf419b0c126,BEN,9e7002d53d4db7bfad4f5cf419b0c126
18,Bhutan,Asia,70.0,71.0,0.65,3.129,Bajos-Medios, 0.8 ,2.0,9.4,5.0,3.3,e65a0ed0e39dd14a9e5af441efb09b37,BTN,e65a0ed0e39dd14a9e5af441efb09b37
19,Bolivia,South America,67.6,71.0,0.71,2.560,Bajos-Medios, 11.4 ,1.4,6.3,14.2,2.0,28aaafc355915903ce4a7e1d3af3bc4e,BOL,28aaafc355915903ce4a7e1d3af3bc4e
20,Bosnia and Herzegovina,Europe,73.7,77.0,0.78,6.097,Medios-Altos, 3.3 ,4.4,7.8,2.0,2.5,96a6dd711874d4323dc2d3f932bd2ed3,BIH,96a6dd711874d4323dc2d3f932bd2ed3
21,Botswana,Africa,61.9,69.0,0.73,8.033,Medios-Altos, 2.3 ,2.8,4.3,3.3,1.5,6cd50fb3091b0a9d3c1ac2cf52441390,BWA,6cd50fb3091b0a9d3c1ac2cf52441390
22,Brazil,South America,71.3,76.0,0.76,11.076,Medios-Altos, 209.5 ,1.4,6.2,8.6,1.6,42537f0fb56e31e20ab9c2305752087d,BRA,42537f0fb56e31e20ab9c2305752087d
23,Brunei Darussalam,Asia,68.3,76.0,0.84,31.437,Altos, 0.4 ,9.7,11.6,2.7,3.4,35564072d637a7b63c6f1547175b1766,BRN,35564072d637a7b63c6f1547175b1766
24,Bulgaria,Europe,73.8,75.0,0.81,8.642,Medios-Altos, 7.1 ,4.2,8.2,3.3,2.3,01a151debf2bfee8906f43f4342eb10b,BGR,01a151debf2bfee8906f43f4342eb10b
25,Burkina Faso,Africa,53.5,61.0,0.44,800,Bajos, 19.8 ,0.3,2.4,1.0,0.8,28814f84db09b59b95f863b9c143c3a9,BFA,28814f84db09b59b95f863b9c143c3a9
26,Burundi,Africa,51.8,61.0,0.43,211,Bajos, 11.2 ,0.1,1.6,0.5,0.5,28765464efe1b6583610335965b4d75a,BDI,28765464efe1b6583610335965b4d75a
27,Cabo Verde,Africa,68.1,73.0,0.66,3.740,Bajos-Medios, 0.5 ,0.0,3.4,0.5,1.2,6764a88bc22b8239d23d159043c6b806,CPV,6764a88bc22b8239d23d159043c6b806
28,Cambodia,Asia,64.5,70.0,0.59,1.203,Bajos, 16.2 ,0.0,2.8,1.2,0.9,06c7a3c3a3344a62864b951aec4df830,KHM,06c7a3c3a3344a62864b951aec4df830
29,Cameroon,Africa,55.3,59.0,0.56,1.502,Bajos-Medios, 25.2 ,0.3,2.3,1.6,0.8,4be25f9d27da71d4e98775668b5b12af,CMR,4be25f9d27da71d4e98775668b5b12af
30,Canada,North America,79.2,82.0,0.93,51.518,Altos, 37.1 ,10.7,19.8,14.7,5.1,445d337b5cd5de476f99333df6b0c2a7,CAN,445d337b5cd5de476f99333df6b0c2a7
31,Central African Republic,Africa,38.3,53.0,0.4,379,Bajos, 4.7 ,0.1,2.4,7.5,0.8,aa293d284f52b08da5ba7fe7792fe9c3,CAF,aa293d284f52b08da5ba7fe7792fe9c3
32,Chad,Africa,40.9,54.0,0.4,812,Bajos, 15.5 ,0.1,3.3,1.7,1.0,e03653dedd6f4e142f4aca131995964f,TCD,e03653dedd6f4e142f4aca131995964f
33,Chile,South America,77.1,80.0,0.85,15.110,Medios-Altos, 18.7 ,3.6,9.0,3.3,2.7,2e6507f70a9cc26fb50f5fd82a83c7ef,CHL,2e6507f70a9cc26fb50f5fd82a83c7ef
34,China,Asia,72.1,77.0,0.76,7.469,Medios-Altos, 1.459.4 ,5.3,7.2,0.9,2.4,ae54a5c026f31ada088992587d92cb3a,CHN,ae54a5c026f31ada088992587d92cb3a
35,Colombia,South America,70.6,77.0,0.76,7.692,Medios-Altos, 49.7 ,1.2,3.4,3.4,1.2,ef3388cc5659bccb742fb8af762f1bfd,COL,ef3388cc5659bccb742fb8af762f1bfd
36,Comoros,Africa,,64.0,0.55,1.403,Bajos, 0.8 ,0.0,2.1,0.4,0.8,4234d1794dd33c1b6ed975eab5148040,COM,4234d1794dd33c1b6ed975eab5148040
37,Congo,Africa,52.9,64.0,0.57,2.304,Bajos-Medios, 5.2 ,0.4,2.0,8.8,0.6,e496c53293c4103dc7ef0820eee96954,COG,e496c53293c4103dc7ef0820eee96954
38,"Congo, Democratic Republic of",Africa,49.3,60.0,0.48,419,Bajos, 84.1 ,0.1,1.5,2.2,0.5,2d763a5f25ead5a85e56a3e662593329,COD,2d763a5f25ead5a85e56a3e662593329
39,Costa Rica,North America,73.6,80.0,0.81,9.937,Medios-Altos, 5.0 ,1.6,4.2,1.5,1.5,5882b568d8a010ef48a6896f53b6eddb,CRI,5882b568d8a010ef48a6896f53b6eddb
40,Côte d'Ivoire,Africa,57.6,57.0,0.53,1.668,Bajos-Medios, 25.1 ,0.4,3.0,1.8,0.9,04b9348054f102f0170ede9e58ef0a88,CIV,04b9348054f102f0170ede9e58ef0a88
41,Croatia,Europe,80.4,78.0,0.85,15.708,Altos, 4.2 ,3.7,7.0,2.8,2.5,560d4c6ff431c86546f3fcec72c748c7,HRV,560d4c6ff431c86546f3fcec72c748c7
42,Cuba,North America,73.7,79.0,0.78,6.817,Medios-Altos, 11.3 ,1.8,3.0,0.8,1.1,33cac763789c407f405b2cf0dce7df89,CUB,33cac763789c407f405b2cf0dce7df89
43,Cyprus,Asia,74.9,81.0,0.89,23.395,Altos, 1.2 ,0.0,5.9,0.2,2.4,ea2ba3f8011e19e3101ce65fdcefbcc4,CYP,ea2ba3f8011e19e3101ce65fdcefbcc4
44,Czech Republic,Europe,81.4,79.0,0.9,23.721,Altos, 10.7 ,6.8,11.7,2.3,3.6,51802d8bb965d0e5be697f07d16922e8,CZE,51802d8bb965d0e5be697f07d16922e8
45,Denmark,Europe,84.9,81.0,0.94,64.672,Altos, 5.8 ,5.4,11.0,3.6,4.2,424214945ba5615eca039bfe5d731c09,DNK,424214945ba5615eca039bfe5d731c09
46,Djibouti,Africa,53.8,67.0,0.52,-,Bajos-Medios, 1.0 ,0.7,3.3,0.7,1.5,902f92c09660b797958acb27421fd9ac,DJI,902f92c09660b797958acb27421fd9ac
47,Dominica,North America,,,0.74,6.697,Medios-Altos, 0.1 ,0.0,3.8,1.1,1.6,531c552093668f148d3c826fca6e3cc8,DMA,531c552093668f148d3c826fca6e3cc8
48,Dominican Republic,North America,70.8,74.0,0.75,7.698,Medios-Altos, 10.6 ,1.8,3.1,0.7,1.1,662c15622f9c9c5decc0db80edb6c416,DOM,662c15622f9c9c5decc0db80edb6c416
49,Ecuador,South America,72.5,77.0,0.76,5.181,Medios-Altos, 17.1 ,0.0,4.0,1.9,1.1,4d5d85af33ec2aaedb674d2d6a7d53b6,ECU,4d5d85af33ec2aaedb674d2d6a7d53b6
50,Egypt,Africa,68.6,72.0,0.7,2.906,Bajos-Medios, 98.4 ,0.0,3.1,0.4,1.2,e31959fe2842dacea4d16d36e9813620,EGY,e31959fe2842dacea4d16d36e9813620
51,El Salvador,North America,67.9,73.0,0.67,3.507,Bajos-Medios, 6.4 ,1.1,3.2,0.6,1.3,e96d24bdfc024e04f49f1f0cc011ca20,SLV,e96d24bdfc024e04f49f1f0cc011ca20
52,Equatorial Guinea,Africa,,58.0,0.58,10.135,Altos, 1.3 ,3.1,4.5,3.4,1.3,a38c2761908be5cef4a98ef5b3402ac9,GNQ,a38c2761908be5cef4a98ef5b3402ac9
53,Eritrea,Africa,,66.0,0.46,-,Bajos, 3.5 ,0.2,1.5,2.3,0.5,c9c9f116f74ac9d7e60dc415523dfeff,ERI,c9c9f116f74ac9d7e60dc415523dfeff
54,Estonia,Europe,81.6,78.0,0.89,19.919,Altos, 1.3 ,7.3,18.6,9.3,5.1,7755415a9fe7022060b98a689236ccd2,EST,7755415a9fe7022060b98a689236ccd2
55,Eswatini,Africa,53.3,59.0,0.61,4.762,Bajos-Medios, 1.1 ,0.9,4.8,1.0,1.6,5b6c44e2e66685a59e42673eff6d5f17,SWZ,5b6c44e2e66685a59e42673eff6d5f17
56,Ethiopia,Africa,54.5,66.0,0.48,571,Bajos, 109.2 ,0.1,2.0,0.6,0.6,e299d7cb0f7866cce7d90da2af14047c,ETH,e299d7cb0f7866cce7d90da2af14047c
57,Fiji,Oceania,71.2,67.0,0.74,4.795,Medios-Altos, 0.9 ,1.1,4.6,2.3,1.7,55b0c4d4efa00b59643b2e6a6e7c18c0,FJI,55b0c4d4efa00b59643b2e6a6e7c18c0
58,Finland,Europe,85.9,82.0,0.94,48.890,Altos, 5.5 ,6.9,18.3,12.1,4.1,6f781c6559a0c605da918096bdb69edf,FIN,6f781c6559a0c605da918096bdb69edf
59,France,Europe,81.7,83.0,0.9,45.057,Altos, 65.0 ,4.2,8.1,2.4,2.8,0309a6c666a7a803fdb9db95de71cf01,FRA,0309a6c666a7a803fdb9db95de71cf01
60,French Guiana,South America,,,,nan,, 0.3 ,2.0,3.2,92.1,1.2,1cab30fe45c3aee88dc7bc9f907cd239,GUF,1cab30fe45c3aee88dc7bc9f907cd239
61,French Polynesia,Oceania,,77.0,,-,Altos, 0.3 ,0.0,6.1,1.3,2.5,8e49db69269b7f99afa25722e87fa67e,PYF,8e49db69269b7f99afa25722e87fa67e
62,Gabon,Africa,62.8,66.0,0.7,9.051,Medios-Altos, 2.1 ,1.0,3.6,18.9,1.2,fceb5af40df295d85851f390f4f8d78d,GAB,fceb5af40df295d85851f390f4f8d78d
63,Gambia,Africa,59.3,62.0,0.49,791,Bajos, 2.3 ,0.4,1.5,0.5,0.7,e2a96e074e1d8a6f6de56abbd4a4d8dc,GMB,e2a96e074e1d8a6f6de56abbd4a4d8dc
64,Georgia,Asia,72.2,74.0,0.81,4.407,Bajos-Medios, 4.0 ,2.3,3.9,1.3,1.5,eada819634d0164c6a7547bdcc405033,GEO,eada819634d0164c6a7547bdcc405033
65,Germany,Europe,82.5,81.0,0.95,47.158,Altos, 83.1 ,6.0,9.0,1.5,3.0,d8b00929dec65d422303256336ada04f,DEU,d8b00929dec65d422303256336ada04f
66,Ghana,Africa,62.5,64.0,0.61,1.808,Bajos-Medios, 29.8 ,0.6,3.9,1.3,1.3,e7400496f1ce70cb62c2c44ca2ddc469,GHA,e7400496f1ce70cb62c2c44ca2ddc469
67,Greece,Europe,75.4,82.0,0.88,24.044,Altos, 10.5 ,4.7,7.1,1.2,2.6,6b718641741f992e68ec3712718561b8,GRC,6b718641741f992e68ec3712718561b8
68,Grenada,North America,,72.0,0.77,9.092,Medios-Altos, 0.1 ,0.0,4.2,2.1,1.6,45b1cb9a558807139085c645d2f47f07,GRD,45b1cb9a558807139085c645d2f47f07
69,Guadeloupe,North America,,,,nan,, 0.4 ,0.0,5.7,0.5,2.3,0dc81c66d1c08d6ca64c7e8b60ae78fb,GLP,0dc81c66d1c08d6ca64c7e8b60ae78fb
70,Guatemala,North America,59.9,74.0,0.66,3.164,Bajos-Medios, 17.2 ,0.9,3.3,1.0,1.1,948b13d5a3e11e21baadc349e199020e,GTM,948b13d5a3e11e21baadc349e199020e
71,Guinea,Africa,51.0,61.0,0.47,897,Bajos, 12.4 ,0.3,3.4,2.1,1.2,8e4d9eeed250a9d065ac2bb8bdc67b30,GIN,8e4d9eeed250a9d065ac2bb8bdc67b30
72,Guinea-Bissau,Africa,,58.0,0.47,623,Bajos, 1.9 ,0.2,3.0,2.7,0.9,2d65f5236205dd23c6a8212627568fb8,GNB,2d65f5236205dd23c6a8212627568fb8
73,Guyana,South America,57.9,70.0,0.68,5.825,Bajos-Medios, 0.8 ,2.8,6.4,72.7,2.2,cf4c7e1169281886577940e361854a84,GUY,cf4c7e1169281886577940e361854a84
74,Haiti,North America,51.4,64.0,0.51,1.282,Bajos, 11.1 ,0.2,1.0,0.2,0.4,b88959cb7d907d91065ac7ec19eb0b44,HTI,b88959cb7d907d91065ac7ec19eb0b44
75,Honduras,North America,62.8,75.0,0.63,2.219,Bajos-Medios, 9.6 ,0.0,2.9,1.7,1.0,f4270ce39e7e926052e097a0e4e63bde,HND,f4270ce39e7e926052e097a0e4e63bde
76,Hungary,Europe,78.8,76.0,0.85,16.894,Altos, 9.7 ,4.1,7.7,2.6,2.4,fa79c3005daec47ecff84a116a0927a1,HUN,fa79c3005daec47ecff84a116a0927a1
77,India,Asia,60.1,69.0,0.64,2.085,Bajos-Medios, 1.352.6 ,1.3,2.4,0.4,0.8,7d31e0da1ab99fe8b08a22118e2f402b,IND,7d31e0da1ab99fe8b08a22118e2f402b
78,Indonesia,Asia,66.3,72.0,0.71,4.296,Bajos-Medios, 267.7 ,1.4,3.6,1.2,1.1,4647d00cf81f8fb0ab80f753320d0fc9,IDN,4647d00cf81f8fb0ab80f753320d0fc9
79,"Iran, Islamic Republic of",Asia,70.0,76.0,0.79,6.443,Medios-Altos, 81.8 ,5.0,6.6,0.7,2.1,359e04a3b45eac3c7fc9bbcf20d5ecd7,IRN,359e04a3b45eac3c7fc9bbcf20d5ecd7
80,Iraq,Asia,63.8,70.0,0.67,5.464,Bajos-Medios, 38.4 ,2.5,3.1,0.2,1.1,5ae2ff99743a8487c917e98bbf3db2d3,IRQ,5ae2ff99743a8487c917e98bbf3db2d3
81,Ireland,Europe,81.0,82.0,0.95,77.407,Altos, 4.8 ,5.8,10.0,3.1,3.3,06e415f918c577f07328a52e24f75d43,IRL,06e415f918c577f07328a52e24f75d43
82,Israel,Asia,75.0,83.0,0.92,36.867,Altos, 8.4 ,5.8,7.4,0.2,2.9,5a548c2f5875f10bf5614b7c258876cf,ISR,5a548c2f5875f10bf5614b7c258876cf
83,Italy,Europe,78.8,83.0,0.89,35.277,Altos, 60.7 ,4.5,6.7,0.8,2.7,1007e1b7f894dfbf72a0eaa80f3bc57e,ITA,1007e1b7f894dfbf72a0eaa80f3bc57e
84,Jamaica,North America,69.0,74.0,0.73,4.855,Medios-Altos, 2.9 ,1.8,2.9,0.4,1.0,1add2eb41fcae9b2a15b4a7d68571409,JAM,1add2eb41fcae9b2a15b4a7d68571409
85,Japan,Asia,79.8,84.0,0.92,48.506,Altos, 127.2 ,6.6,8.2,0.6,2.9,53a577bb3bc587b0c28ab808390f1c9b,JPN,53a577bb3bc587b0c28ab808390f1c9b
86,Jordan,Asia,70.1,74.0,0.73,3.307,Medios-Altos, 10.0 ,1.8,2.8,0.2,1.1,6ea1e24d60afddf388b06f8243c45b70,JOR,6ea1e24d60afddf388b06f8243c45b70
87,Kazakhstan,Asia,71.6,73.0,0.82,11.136,Medios-Altos, 18.3 ,7.8,10.8,3.6,3.1,7c1a943bf29d2c753fb935e99428482c,KAZ,7c1a943bf29d2c753fb935e99428482c
88,Kenya,Africa,60.6,66.0,0.6,1.201,Bajos, 51.4 ,0.4,1.8,0.5,0.6,94984a8c4896946d9bafd24959cb6181,KEN,94984a8c4896946d9bafd24959cb6181
89,Korea,,,72.0,,-,Bajos, 25.5 ,1.4,2.3,0.6,0.7,a8f809c99c4a996780c3046b9b594195,,a8f809c99c4a996780c3046b9b594195
90,"Korea, Republic of",Asia,78.6,83.0,0.91,28.336,Altos, 51.2 ,9.1,11.2,0.6,4.0,c3f33959145b7a47d9100055b6805510,KOR,c3f33959145b7a47d9100055b6805510
91,Kuwait,Asia,62.5,75.0,0.81,33.113,Altos, 4.1 ,14.2,15.8,0.5,5.0,05387f3ca38d7bd84ae35f31f2899ecf,KWT,05387f3ca38d7bd84ae35f31f2899ecf
92,Kyrgyzstan,Asia,74.0,71.0,0.7,1.094,Bajos, 6.3 ,1.4,2.9,1.2,1.0,5e4a24f76c22f03700b283dfbdf6eec1,KGZ,5e4a24f76c22f03700b283dfbdf6eec1
93,Lao People's Democratic Republic,Asia,63.0,68.0,0.61,1.786,Bajos-Medios, 7.1 ,1.2,4.1,1.7,1.2,81a6b6e5e6a1d60ce3bac4eee20444eb,LAO,81a6b6e5e6a1d60ce3bac4eee20444eb
94,Latvia,Europe,79.2,75.0,0.86,16.252,Altos, 1.9 ,3.3,14.0,8.2,4.0,a09f4b2ae67f0a63ab8912047a1a1b55,LVA,a09f4b2ae67f0a63ab8912047a1a1b55
95,Lebanon,Asia,66.8,79.0,0.75,6.205,Medios-Altos, 6.9 ,3.2,4.5,0.3,1.9,b45ff92cc522bb89bfc3b8ef3fc21b7d,LBN,b45ff92cc522bb89bfc3b8ef3fc21b7d
96,Lesotho,Africa,54.6,54.0,0.52,1.375,Bajos-Medios, 2.1 ,1.0,2.8,0.8,1.0,e99bb6b91ef51dbe4eec9340dc7c68cf,LSO,e99bb6b91ef51dbe4eec9340dc7c68cf
97,Liberia,Africa,48.6,64.0,0.48,541,Bajos, 4.8 ,0.1,2.3,3.0,0.8,642cab67fc263bb61ae4ccbd577c8aa4,LBR,642cab67fc263bb61ae4ccbd577c8aa4
98,Libyan Arab Jamahiriya,,,73.0,0.72,8.039,Medios-Altos, 6.7 ,4.6,6.2,0.6,2.1,39081c57afa53827cc719004c8eaf662,,39081c57afa53827cc719004c8eaf662
99,Lithuania,Europe,76.7,76.0,0.88,17.744,Medios-Altos, 2.8 ,4.8,11.4,4.7,3.8,d9051e0b77f8bb5521389618e70e2ada,LTU,d9051e0b77f8bb5521389618e70e2ada
100,Luxembourg,Europe,74.2,82.0,0.91,111.381,Altos, 0.6 ,15.0,19.2,1.2,8.2,06630c890abadde9228ea818ce52b621,LUX,06630c890abadde9228ea818ce52b621
101,Madagascar,Africa,49.0,67.0,0.53,490,Bajos, 26.3 ,0.1,1.8,2.2,0.6,b5bcce260d9e303ca0e63f055187ed28,MDG,b5bcce260d9e303ca0e63f055187ed28
102,Malawi,Africa,51.4,64.0,0.48,515,Bajos, 18.1 ,0.1,1.7,0.7,0.6,70965feb0441ff7fc1982fc5c509136e,MWI,70965feb0441ff7fc1982fc5c509136e
103,Malaysia,Asia,70.9,76.0,0.81,12.116,Medios-Altos, 31.5 ,5.2,8.5,2.2,2.7,3f0e49c46cbde0c7adf5ea04a97ab261,MYS,3f0e49c46cbde0c7adf5ea04a97ab261
104,Mali,Africa,52.2,59.0,0.43,779,Bajos, 19.1 ,0.3,3.2,1.9,1.0,e90c93ceb8ccdcdf3b797f47edee866d,MLI,e90c93ceb8ccdcdf3b797f47edee866d
105,Malta,Europe,75.7,82.0,0.89,31.604,Altos, 0.4 ,0.0,6.8,0.5,3.4,92468e8a62373add2b9caefddbcf1303,MLT,92468e8a62373add2b9caefddbcf1303
106,Martinique,North America,,,,nan,, 0.4 ,0.0,5.5,0.4,2.2,899c4b2a0d41d5b86e2dbc3b2f5380cf,MTQ,899c4b2a0d41d5b86e2dbc3b2f5380cf
107,Mauritania,Africa,55.5,65.0,0.54,1.704,Bajos-Medios, 4.4 ,0.7,5.0,3.9,1.6,d7fe73b6846dfc672236e636aa2cf6b5,MRT,d7fe73b6846dfc672236e636aa2cf6b5
108,Mauritius,Africa,66.7,74.0,0.8,10.561,Medios-Altos, 1.3 ,0.0,5.0,0.7,2.0,07f3ca235faaa1c9ad16facef5526d8b,MUS,07f3ca235faaa1c9ad16facef5526d8b
109,Mexico,North America,69.1,75.0,0.78,10.381,Medios-Altos, 126.2 ,2.5,4.4,1.2,1.5,8dbb07a18d46f63d8b3c8994d5ccc351,MEX,8dbb07a18d46f63d8b3c8994d5ccc351
110,Mongolia,Asia,63.8,70.0,0.74,4.211,Bajos-Medios, 3.2 ,4.6,15.3,14.1,4.6,bb6a72b6a93150d4181e50496fc15f5a,MNG,bb6a72b6a93150d4181e50496fc15f5a
111,Montenegro,Europe,68.2,77.0,0.83,8.180,Medios-Altos, 0.6 ,3.9,6.7,2.5,2.7,4e92f9d2cdf0b8eb493ae3a19709d121,MNE,4e92f9d2cdf0b8eb493ae3a19709d121
112,Morocco,Africa,70.5,76.0,0.68,3.414,Bajos-Medios, 36.0 ,1.3,3.2,0.8,1.1,4d4a1722d8e85909a576da2c42878ff0,MAR,4d4a1722d8e85909a576da2c42878ff0
113,Mozambique,Africa,51.1,60.0,0.45,593,Bajos, 29.5 ,0.3,1.5,1.6,0.5,a6d3bea3fa66775952e080b90bb0c4f1,MOZ,a6d3bea3fa66775952e080b90bb0c4f1
114,Myanmar,Asia,64.9,67.0,0.58,1.573,Bajos, 53.7 ,0.5,3.3,1.9,1.0,217fa54cc9351504fcde32147bff005d,MMR,217fa54cc9351504fcde32147bff005d
115,Namibia,Africa,61.8,63.0,0.65,5.942,Medios-Altos, 2.4 ,1.7,6.9,6.3,1.6,69f4287626aee77f93e2c891b518838b,NAM,69f4287626aee77f93e2c891b518838b
116,Nepal,Asia,66.5,70.0,0.6,818,Bajos, 28.1 ,0.5,2.1,0.6,0.8,7fef6b003c726890ea5ca3708fe8ff56,NPL,7fef6b003c726890ea5ca3708fe8ff56
117,Netherlands,Europe,81.6,82.0,0.94,55.369,Altos, 17.1 ,6.8,9.3,0.8,3.6,a67d4cbdd1b59e0ffccc6bafc83eb033,NLD,a67d4cbdd1b59e0ffccc6bafc83eb033
118,New Zealand,Oceania,79.1,82.0,0.93,39.215,Altos, 4.7 ,0.0,17.4,8.8,3.3,c51ed580ea5e20c910d951f692512b4d,NZL,c51ed580ea5e20c910d951f692512b4d
119,Nicaragua,North America,66.3,74.0,0.66,1.857,Bajos-Medios, 6.5 ,0.7,3.1,2.2,0.9,3bfe17f6c2d1b8941df303de7aec2eb0,NIC,3bfe17f6c2d1b8941df303de7aec2eb0
120,Niger,Africa,49.5,62.0,0.39,552,Bajos, 22.4 ,0.1,3.1,1.3,1.0,bf2ec44b27fc25c6fd8a38792b9ef2a8,NER,bf2ec44b27fc25c6fd8a38792b9ef2a8
121,Nigeria,Africa,48.9,54.0,0.53,2.384,Bajos-Medios, 195.9 ,0.4,2.1,0.7,0.7,5d839147c83e283c1d1bb705dc50586f,NGA,5d839147c83e283c1d1bb705dc50586f
122,Norway,Europe,82.0,83.0,0.96,91.608,Altos, 5.3 ,5.3,16.0,6.9,3.6,d5b9290a0b67727d4ba1ca6059dc31a6,NOR,d5b9290a0b67727d4ba1ca6059dc31a6
123,Oman,Asia,70.1,78.0,0.81,15.797,Altos, 4.8 ,10.0,12.8,1.4,4.0,1c77b9733832da9d1ffac66620f3c006,OMN,1c77b9733832da9d1ffac66620f3c006
124,Pakistan,Asia,57.7,67.0,0.55,1.197,Bajos-Medios, 212.2 ,0.7,1.5,0.3,0.5,b9698b8546220246fe600a949db326bf,PAK,b9698b8546220246fe600a949db326bf
125,Panama,North America,68.0,78.0,0.81,11.755,Medios-Altos, 4.2 ,2.2,5.1,2.5,1.8,6bec347f256837d3539ad619bd489de7,PAN,6bec347f256837d3539ad619bd489de7
126,Papua New Guinea,Oceania,51.3,64.0,0.55,2.398,Bajos-Medios, 8.6 ,0.4,4.0,3.4,1.1,f670d3806d530c3e5cb1f31dca457751,PNG,f670d3806d530c3e5cb1f31dca457751
127,Paraguay,South America,66.9,74.0,0.73,5.380,Bajos-Medios, 7.0 ,1.0,8.6,10.1,1.9,73101738da81e5cbb87b64cd400a4405,PRY,73101738da81e5cbb87b64cd400a4405
128,Peru,South America,71.1,77.0,0.77,6.440,Medios-Altos, 32.0 ,1.3,4.5,3.6,1.5,84c8fa2341f7d052a1ee3a36ff043798,PER,84c8fa2341f7d052a1ee3a36ff043798
129,Philippines,Asia,64.5,71.0,0.71,3.188,Bajos-Medios, 106.7 ,1.1,2.5,0.5,0.9,77dab2f81a6c8c9136efba7ab2c4c0f2,PHL,77dab2f81a6c8c9136efba7ab2c4c0f2
130,Poland,Europe,80.2,78.0,0.88,16.666,Altos, 37.9 ,5.9,9.5,1.9,3.0,94880bda83bda77c5692876700711f15,POL,94880bda83bda77c5692876700711f15
131,Portugal,Europe,78.6,81.0,0.86,24.180,Altos, 10.3 ,4.3,7.7,1.3,2.9,ea71b362e3ea9969db085abfccdeb10d,PRT,ea71b362e3ea9969db085abfccdeb10d
132,Qatar,Asia,66.7,80.0,0.85,63.990,Altos, 2.8 ,24.6,26.2,0.9,9.0,7cc7ef17c45527cf90fcf27516794d21,QAT,7cc7ef17c45527cf90fcf27516794d21
133,Republic of Moldova,Europe,73.7,72.0,0.75,2.356,Bajos-Medios, 4.1 ,1.7,3.9,1.2,1.2,09f066924bc24722c67666def3bce58f,MDA,09f066924bc24722c67666def3bce58f
134,Republic of North Macedonia,Europe,72.5,76.0,0.77,5.452,Medios-Altos, 2.1 ,3.1,5.1,1.5,2.0,0293809fcf7ea684b4d21fffdaedbb52,MKD,0293809fcf7ea684b4d21fffdaedbb52
135,Réunion,Africa,,,,nan,, 0.9 ,0.0,6.7,0.2,2.9,8bf4189cd5775e55e86d05a650d97ceb,REU,8bf4189cd5775e55e86d05a650d97ceb
136,Romania,Europe,75.0,75.0,0.82,11.535,Medios-Altos, 19.5 ,3.0,7.3,3.2,2.3,0c7d5ae44b2a0be9ebd7d6b9f7d60f20,ROU,0c7d5ae44b2a0be9ebd7d6b9f7d60f20
137,Russian Federation,Europe,73.8,73.0,0.82,11.940,Medios-Altos, 145.7 ,7.6,11.7,6.7,3.4,07d62aa19a9a95c07515769b604bad36,RUS,07d62aa19a9a95c07515769b604bad36
138,Rwanda,Africa,57.6,69.0,0.54,845,Bajos, 12.3 ,0.1,1.4,0.4,0.5,9d7ed5d77d647e89c3cc11757d651dc2,RWA,9d7ed5d77d647e89c3cc11757d651dc2
139,Saint Lucia,North America,,76.0,0.76,9.237,Medios-Altos, 0.2 ,2.0,3.2,0.3,1.4,d1ef233007d706d71aa6d46642d5f804,LCA,d1ef233007d706d71aa6d46642d5f804
140,Samoa,Oceania,,73.0,0.71,3.754,Bajos-Medios, 0.2 ,0.0,4.1,1.7,1.7,0861134397888c470803c77fb6cd2943,WSM,0861134397888c470803c77fb6cd2943
141,Sao Tome and Principe,Africa,58.8,70.0,0.62,1.297,Bajos-Medios, 0.2 ,0.0,2.2,0.8,0.8,aca4f717a9933ddf7ab0ffc877d0ed48,STP,aca4f717a9933ddf7ab0ffc877d0ed48
142,Saudi Arabia,Asia,66.3,75.0,0.85,20.829,Altos, 33.7 ,9.5,10.8,0.4,3.1,b835b521c29f399c78124c4b59341691,SAU,b835b521c29f399c78124c4b59341691
143,Senegal,Africa,58.4,68.0,0.52,1.547,Bajos-Medios, 15.9 ,0.5,2.6,1.1,0.9,9986531359550785caffb2032622437f,SEN,9986531359550785caffb2032622437f
144,Serbia,Europe,75.6,76.0,0.8,5.472,Medios-Altos, 8.8 ,3.4,6.4,1.7,1.9,2ff6e535bd2f100979a171ad430e642b,SRB,2ff6e535bd2f100979a171ad430e642b
145,Sierra Leone,Africa,51.7,54.0,0.45,473,Bajos, 7.7 ,0.2,2.1,1.0,0.7,97527dec0ae1a703599581d4f25dfbce,SLE,97527dec0ae1a703599581d4f25dfbce
146,Singapore,Asia,69.9,83.0,0.94,57.838,Altos, 5.8 ,7.8,9.2,0.1,3.7,458e4cbc78201c1aec5fc53a31c59378,SGP,458e4cbc78201c1aec5fc53a31c59378
147,Slovakia,Europe,79.6,77.0,0.86,20.539,Altos, 5.5 ,5.2,9.2,2.8,3.0,88a392b5a8d8f73986d83a2deefb0472,SVK,88a392b5a8d8f73986d83a2deefb0472
148,Slovenia,Europe,81.6,81.0,0.91,26.710,Altos, 2.1 ,5.7,9.6,2.2,3.4,00247297c394dd443dc97067830c35f4,SVN,00247297c394dd443dc97067830c35f4
149,Solomon Islands,Oceania,,73.0,0.56,1.774,Bajos, 0.7 ,0.2,8.4,3.6,1.1,a573f4ed911c3b437599818762263a0c,SLB,a573f4ed911c3b437599818762263a0c
150,Somalia,Africa,45.6,57.0,,-,Bajos, 15.0 ,0.1,1.9,0.8,0.6,921855f753932de762b780405a50bdf7,SOM,921855f753932de762b780405a50bdf7
151,South Africa,Africa,63.7,,0.71,7.440,Medios-Altos, 57.8 ,5.7,7.2,1.0,2.4,c89bc418c38da77213c6c6e03cac2510,ZAF,c89bc418c38da77213c6c6e03cac2510
152,South Sudan,Africa,38.9,58.0,0.43,-,Bajos-Medios, 11.0 ,0.1,3.2,1.7,1.0,0a6355f86240762961997e70c5e7087d,SSD,0a6355f86240762961997e70c5e7087d
153,Spain,Europe,79.5,83.0,0.91,32.981,Altos, 46.7 ,4.3,8.1,1.5,2.8,907eba32d950bfab68227fd7ea22999b,ESP,907eba32d950bfab68227fd7ea22999b
154,Sri Lanka,Asia,68.1,77.0,0.78,4.028,Bajos-Medios, 21.2 ,1.0,2.5,0.5,1.0,ef547e2d9750443f6d203233dfa38e39,LKA,ef547e2d9750443f6d203233dfa38e39
155,State of Palestine,,,74.0,0.71,2.805,Bajos-Medios, 4.9 ,0.0,1.4,0.1,0.7,b989b53cc51c7ae45d11b35759948b8c,,b989b53cc51c7ae45d11b35759948b8c
156,Sudan,Africa,49.5,65.0,0.51,1.590,Bajos-Medios, 41.8 ,0.4,2.9,1.4,0.9,74458a3d3e5f3074226b1f9fa23c9163,SDN,74458a3d3e5f3074226b1f9fa23c9163
157,Suriname,South America,67.0,72.0,0.73,8.100,Medios-Altos, 0.6 ,3.0,6.6,80.4,1.9,64446ac025106d201779cb4bf5ab6b2e,SUR,64446ac025106d201779cb4bf5ab6b2e
158,Sweden,Europe,85.6,83.0,0.94,59.068,Altos, 10.0 ,4.6,13.3,9.0,4.0,c8f4261f9f46e6465709e17ebea7a92b,SWE,c8f4261f9f46e6465709e17ebea7a92b
159,Switzerland,Europe,80.1,84.0,0.96,79.173,Altos, 8.5 ,4.6,6.5,1.0,2.7,3ad08396dc5afa78f34f548eea3c1d64,CHE,3ad08396dc5afa78f34f548eea3c1d64
160,Syrian Arab Republic,Asia,58.0,72.0,0.56,-,Bajos-Medios, 16.9 ,1.4,2.3,0.5,0.8,783c6baf8592ab8c2e7d03911ba1483f,SYR,783c6baf8592ab8c2e7d03911ba1483f
161,Tajikistan,Asia,69.8,71.0,0.66,1.073,Bajos, 9.1 ,0.6,2.0,0.5,0.7,b5a9722262bbb7a7449ebc0f4394c901,TJK,b5a9722262bbb7a7449ebc0f4394c901
162,"Tanzania, United Republic of",Africa,56.4,65.0,0.52,931,Bajos, 56.3 ,0.2,2.3,1.0,0.7,08d872cf22419a94e4b0bb30f22693bb,TZA,08d872cf22419a94e4b0bb30f22693bb
163,Thailand,Asia,74.2,77.0,0.77,6.366,Medios-Altos, 69.4 ,2.7,4.9,1.3,1.5,103357e3e40a9c0e4e9d36110f7bbc7a,THA,103357e3e40a9c0e4e9d36110f7bbc7a
164,Timor-Leste,,,69.0,0.6,840,Bajos-Medios, 1.3 ,0.2,1.0,1.7,0.4,0a25bbf25b60f1908597d7d60e26696e,TLS,0a25bbf25b60f1908597d7d60e26696e
165,Togo,Africa,53.2,61.0,0.51,677,Bajos, 7.9 ,0.3,1.8,0.6,0.7,1e746c5c85c4c0de3a0858b0dd047476,TGO,1e746c5c85c4c0de3a0858b0dd047476
166,Tonga,Oceania,,71.0,0.72,4.378,Bajos-Medios, 0.1 ,0.0,3.9,1.1,1.8,dd5cb49bc56af9d53f9f9e1e5b425ab0,TON,dd5cb49bc56af9d53f9f9e1e5b425ab0
167,Trinidad and Tobago,North America,63.5,73.0,0.8,15.161,Altos, 1.4 ,14.1,15.3,1.5,4.7,63965a52775c39cd64c3ef0248d585b1,TTO,63965a52775c39cd64c3ef0248d585b1
168,Tunisia,Africa,71.4,77.0,0.74,4.408,Medios-Altos, 11.6 ,1.9,3.5,0.7,1.3,d6dacba23ab4a1d5b72f223bfb010a05,TUN,d6dacba23ab4a1d5b72f223bfb010a05
169,Turkey,Asia,70.4,77.0,0.82,15.181,Medios-Altos, 82.3 ,3.8,6.1,1.3,2.1,221cdfb73049678e244380b45872cbb2,TUR,221cdfb73049678e244380b45872cbb2
170,Turkmenistan,Asia,61.1,68.0,0.71,7.648,Bajos-Medios, 5.9 ,8.1,10.0,2.3,3.1,f5d993d8e89c037d614ec8dc2559e4b7,TKM,f5d993d8e89c037d614ec8dc2559e4b7
171,Uganda,Africa,53.5,63.0,0.54,934,Bajos, 42.7 ,0.2,2.1,0.5,0.7,53b3c88ea00c4f0e137b4e6fe7bd23f1,UGA,53b3c88ea00c4f0e137b4e6fe7bd23f1
172,Ukraine,Europe,75.5,72.0,0.77,2.961,Bajos-Medios, 44.2 ,3.0,6.2,2.7,1.5,f01fc92b23faa973f3492a23d5a705c5,UKR,f01fc92b23faa973f3492a23d5a705c5
173,United Arab Emirates,Asia,70.2,78.0,0.89,41.325,Altos, 9.6 ,12.4,14.7,0.5,5.1,8f6f28f0d2061af28bcf49d1725b2cbd,ARE,8f6f28f0d2061af28bcf49d1725b2cbd
174,United Kingdom,Europe,80.0,81.0,0.93,42.894,Altos, 67.1 ,4.4,6.9,1.0,2.6,89f9c9f489be2a83cf57e53b9197d288,GBR,89f9c9f489be2a83cf57e53b9197d288
175,United States of America,North America,76.0,79.0,0.93,54.724,Altos, 327.1 ,11.0,15.9,3.4,5.1,1f122dd19db580fd03635dd699fb49de,USA,1f122dd19db580fd03635dd699fb49de
176,Uruguay,South America,74.5,78.0,0.82,14.618,Medios-Altos, 3.4 ,1.2,10.6,9.3,0.8,75497a22409db78dcc52c291e078bc10,URY,75497a22409db78dcc52c291e078bc10
177,Uzbekistan,Asia,69.8,72.0,0.72,2.409,Bajos-Medios, 32.5 ,2.5,3.8,0.7,1.3,a0a3e881895e46eb96218f0988d405b9,UZB,a0a3e881895e46eb96218f0988d405b9
178,Vanuatu,Oceania,60.5,70.0,0.6,2.865,Bajos-Medios, 0.3 ,0.0,0.0,,,fe07e488fe56260f45240c1c8a8882a8,VUT,fe07e488fe56260f45240c1c8a8882a8
179,Venezuela,South America,59.3,72.0,0.73,-,Medios-Altos, 28.9 ,2.7,4.7,2.8,1.5,e95294b730f61c8175550ec244bfcb50,VEN,e95294b730f61c8175550ec244bfcb50
180,Viet Nam,Asia,72.8,75.0,0.7,1.968,Bajos-Medios, 95.5 ,2.1,4.3,0.9,1.4,91280c72e717e52c82196d404556fb33,VNM,91280c72e717e52c82196d404556fb33
181,Yemen,Asia,52.9,66.0,0.47,633,Bajos-Medios, 28.5 ,0.3,0.8,0.4,0.3,724bf4ca11a567636547a92a37e397b7,YEM,724bf4ca11a567636547a92a37e397b7
182,Zambia,Africa,53.4,,0.58,1.678,Bajos-Medios, 17.4 ,0.4,2.5,1.8,0.8,b0aa0804e676a38255af4fd70236af7c,ZMB,b0aa0804e676a38255af4fd70236af7c
183,Zimbabwe,Africa,58.7,,0.57,1.306,Bajos, 14.4 ,0.7,2.3,0.6,0.8,9d5116a2451bc98c2b46b93acbc1b4f0,ZWE,9d5116a2451bc98c2b46b93acbc1b4f0
