IdPaís,País,País Largo,Combustible,cant,Percentage
c902514ac30b6e23dbb0c3dc80ec7d4a,AFG,Afghanistan,Hydro,1,0.14326647564469913
c902514ac30b6e23dbb0c3dc80ec7d4a,AFG,Afghanistan,Solar,1,0.14326647564469913
c902514ac30b6e23dbb0c3dc80ec7d4a,AFG,Afghanistan,Gas,1,0.14326647564469913
e3252e1a8c33a30ae3fac99574706989,ALB,Albania,Hydro,1,0.14326647564469913
e3252e1a8c33a30ae3fac99574706989,ALB,Albania,Other,1,0.14326647564469913
dbc2e375dac704e6b5fc039c519cc1b4,DZA,Algeria,Solar,1,0.14326647564469913
dbc2e375dac704e6b5fc039c519cc1b4,DZA,Algeria,Gas,1,0.14326647564469913
dbc2e375dac704e6b5fc039c519cc1b4,DZA,Algeria,Hydro,1,0.14326647564469913
bdd7c98450d4a9405aabc07e7d8fe075,AGO,Angola,Oil,1,0.14326647564469913
bdd7c98450d4a9405aabc07e7d8fe075,AGO,Angola,Hydro,1,0.14326647564469913
bdd7c98450d4a9405aabc07e7d8fe075,AGO,Angola,Gas,1,0.14326647564469913
c523e684755a087b7f37dc137b8759ed,ATA,Antarctica,Oil,1,0.14326647564469913
c523e684755a087b7f37dc137b8759ed,ATA,Antarctica,Wind,1,0.14326647564469913
10c7e31bf64ba3add5cd9c21c9a964cc,ARG,Argentina,Other,1,0.14326647564469913
10c7e31bf64ba3add5cd9c21c9a964cc,ARG,Argentina,Gas,1,0.14326647564469913
10c7e31bf64ba3add5cd9c21c9a964cc,ARG,Argentina,Hydro,1,0.14326647564469913
10c7e31bf64ba3add5cd9c21c9a964cc,ARG,Argentina,Oil,1,0.14326647564469913
10c7e31bf64ba3add5cd9c21c9a964cc,ARG,Argentina,Nuclear,1,0.14326647564469913
10c7e31bf64ba3add5cd9c21c9a964cc,ARG,Argentina,Coal,1,0.14326647564469913
10c7e31bf64ba3add5cd9c21c9a964cc,ARG,Argentina,Solar,1,0.14326647564469913
10c7e31bf64ba3add5cd9c21c9a964cc,ARG,Argentina,Wind,1,0.14326647564469913
47f45e65244c17ec9fa8771a5c6d60e1,ARM,Armenia,Nuclear,1,0.14326647564469913
47f45e65244c17ec9fa8771a5c6d60e1,ARM,Armenia,Gas,1,0.14326647564469913
47f45e65244c17ec9fa8771a5c6d60e1,ARM,Armenia,Hydro,1,0.14326647564469913
8faa77c9cf7465efb7d16af6a0b2630c,AUS,Australia,Solar,1,0.14326647564469913
8faa77c9cf7465efb7d16af6a0b2630c,AUS,Australia,Wind,1,0.14326647564469913
8faa77c9cf7465efb7d16af6a0b2630c,AUS,Australia,Oil,1,0.14326647564469913
8faa77c9cf7465efb7d16af6a0b2630c,AUS,Australia,Coal,1,0.14326647564469913
8faa77c9cf7465efb7d16af6a0b2630c,AUS,Australia,Gas,1,0.14326647564469913
8faa77c9cf7465efb7d16af6a0b2630c,AUS,Australia,Hydro,1,0.14326647564469913
8faa77c9cf7465efb7d16af6a0b2630c,AUS,Australia,Waste,1,0.14326647564469913
8faa77c9cf7465efb7d16af6a0b2630c,AUS,Australia,Biomass,1,0.14326647564469913
4a10e93359967de79db26ed0531af49a,AUT,Austria,Hydro,1,0.14326647564469913
4a10e93359967de79db26ed0531af49a,AUT,Austria,Gas,1,0.14326647564469913
4a10e93359967de79db26ed0531af49a,AUT,Austria,Wind,1,0.14326647564469913
971179a4d5937b486d476ae5de648624,AZE,Azerbaijan,Gas,1,0.14326647564469913
971179a4d5937b486d476ae5de648624,AZE,Azerbaijan,Oil,1,0.14326647564469913
971179a4d5937b486d476ae5de648624,AZE,Azerbaijan,Hydro,1,0.14326647564469913
5a0af4e378f80505416bf3a56bec6d28,BHR,Bahrain,Gas,1,0.14326647564469913
5a0af4e378f80505416bf3a56bec6d28,BHR,Bahrain,Solar,1,0.14326647564469913
5a0af4e378f80505416bf3a56bec6d28,BHR,Bahrain,Oil,1,0.14326647564469913
c276d7b9df62025c0ba4ee1011a8ab53,BGD,Bangladesh,Oil,1,0.14326647564469913
c276d7b9df62025c0ba4ee1011a8ab53,BGD,Bangladesh,Gas,1,0.14326647564469913
c276d7b9df62025c0ba4ee1011a8ab53,BGD,Bangladesh,Coal,1,0.14326647564469913
c276d7b9df62025c0ba4ee1011a8ab53,BGD,Bangladesh,Solar,1,0.14326647564469913
c276d7b9df62025c0ba4ee1011a8ab53,BGD,Bangladesh,Hydro,1,0.14326647564469913
c2ebc59aab4d1f9da0af54726eb32782,BLR,Belarus,Gas,1,0.14326647564469913
c2ebc59aab4d1f9da0af54726eb32782,BLR,Belarus,Solar,1,0.14326647564469913
6b3c549d3d068b03da16a480f8818703,BEL,Belgium,Oil,1,0.14326647564469913
6b3c549d3d068b03da16a480f8818703,BEL,Belgium,Gas,1,0.14326647564469913
6b3c549d3d068b03da16a480f8818703,BEL,Belgium,Biomass,1,0.14326647564469913
6b3c549d3d068b03da16a480f8818703,BEL,Belgium,Wind,1,0.14326647564469913
6b3c549d3d068b03da16a480f8818703,BEL,Belgium,Hydro,1,0.14326647564469913
6b3c549d3d068b03da16a480f8818703,BEL,Belgium,Waste,1,0.14326647564469913
6b3c549d3d068b03da16a480f8818703,BEL,Belgium,Nuclear,1,0.14326647564469913
6b3c549d3d068b03da16a480f8818703,BEL,Belgium,Solar,1,0.14326647564469913
6b3c549d3d068b03da16a480f8818703,BEL,Belgium,Coal,1,0.14326647564469913
e75084b2a0b15b1e39202bf35cd515f8,BEN,Benin,Gas,1,0.14326647564469913
e75084b2a0b15b1e39202bf35cd515f8,BEN,Benin,Oil,1,0.14326647564469913
59a16d9c66d488bf850d7fb1e36c4e38,BTN,Bhutan,Hydro,1,0.14326647564469913
72df28bd206a4338d55124038c46d3b6,BOL,Bolivia,Gas,1,0.14326647564469913
72df28bd206a4338d55124038c46d3b6,BOL,Bolivia,Hydro,1,0.14326647564469913
72df28bd206a4338d55124038c46d3b6,BOL,Bolivia,Solar,1,0.14326647564469913
f461326019189ce53e0e011e173f5ba6,BIH,Bosnia and Herzegovina,Hydro,1,0.14326647564469913
f461326019189ce53e0e011e173f5ba6,BIH,Bosnia and Herzegovina,Coal,1,0.14326647564469913
06aaeaa7db0dfbfef0b98d06678c217d,BWA,Botswana,Coal,1,0.14326647564469913
2d7c27c93ee399932c8a9a9a20c2f52e,BRA,Brazil,Hydro,1,0.14326647564469913
2d7c27c93ee399932c8a9a9a20c2f52e,BRA,Brazil,Oil,1,0.14326647564469913
2d7c27c93ee399932c8a9a9a20c2f52e,BRA,Brazil,Biomass,1,0.14326647564469913
2d7c27c93ee399932c8a9a9a20c2f52e,BRA,Brazil,Gas,1,0.14326647564469913
2d7c27c93ee399932c8a9a9a20c2f52e,BRA,Brazil,Wind,1,0.14326647564469913
2d7c27c93ee399932c8a9a9a20c2f52e,BRA,Brazil,Nuclear,1,0.14326647564469913
2d7c27c93ee399932c8a9a9a20c2f52e,BRA,Brazil,Coal,1,0.14326647564469913
2d7c27c93ee399932c8a9a9a20c2f52e,BRA,Brazil,Waste,1,0.14326647564469913
2d7c27c93ee399932c8a9a9a20c2f52e,BRA,Brazil,Solar,1,0.14326647564469913
2d7c27c93ee399932c8a9a9a20c2f52e,BRA,Brazil,Other,1,0.14326647564469913
964cc31db6921c3cafb6013714537bb3,BRN,Brunei Darussalam,Gas,1,0.14326647564469913
2ad5640ebdec72fc79531d1778c6c2dc,BGR,Bulgaria,Coal,1,0.14326647564469913
2ad5640ebdec72fc79531d1778c6c2dc,BGR,Bulgaria,Solar,1,0.14326647564469913
2ad5640ebdec72fc79531d1778c6c2dc,BGR,Bulgaria,Hydro,1,0.14326647564469913
2ad5640ebdec72fc79531d1778c6c2dc,BGR,Bulgaria,Nuclear,1,0.14326647564469913
2ad5640ebdec72fc79531d1778c6c2dc,BGR,Bulgaria,Wind,1,0.14326647564469913
b1ddb5bcd78876218bbf1849193bf3f6,BFA,Burkina Faso,Hydro,1,0.14326647564469913
b1ddb5bcd78876218bbf1849193bf3f6,BFA,Burkina Faso,Oil,1,0.14326647564469913
b1ddb5bcd78876218bbf1849193bf3f6,BFA,Burkina Faso,Solar,1,0.14326647564469913
43972807f8e87cbe7ad2477cbbbb7411,BDI,Burundi,Hydro,1,0.14326647564469913
43972807f8e87cbe7ad2477cbbbb7411,BDI,Burundi,Solar,1,0.14326647564469913
e4e086a8b023e01a4c2132177620878d,KHM,Cambodia,Biomass,1,0.14326647564469913
e4e086a8b023e01a4c2132177620878d,KHM,Cambodia,Solar,1,0.14326647564469913
e4e086a8b023e01a4c2132177620878d,KHM,Cambodia,Hydro,1,0.14326647564469913
e4e086a8b023e01a4c2132177620878d,KHM,Cambodia,Oil,1,0.14326647564469913
e4e086a8b023e01a4c2132177620878d,KHM,Cambodia,Waste,1,0.14326647564469913
e4e086a8b023e01a4c2132177620878d,KHM,Cambodia,Coal,1,0.14326647564469913
dddbc3bd05a9abb878b4f52fcc44c59f,CMR,Cameroon,Oil,1,0.14326647564469913
dddbc3bd05a9abb878b4f52fcc44c59f,CMR,Cameroon,Hydro,1,0.14326647564469913
dddbc3bd05a9abb878b4f52fcc44c59f,CMR,Cameroon,Gas,1,0.14326647564469913
6d5050f7a97e7e2e881a4e09dfbd6087,CAN,Canada,Solar,1,0.14326647564469913
6d5050f7a97e7e2e881a4e09dfbd6087,CAN,Canada,Hydro,1,0.14326647564469913
6d5050f7a97e7e2e881a4e09dfbd6087,CAN,Canada,Wind,1,0.14326647564469913
6d5050f7a97e7e2e881a4e09dfbd6087,CAN,Canada,Biomass,1,0.14326647564469913
6d5050f7a97e7e2e881a4e09dfbd6087,CAN,Canada,Gas,1,0.14326647564469913
6d5050f7a97e7e2e881a4e09dfbd6087,CAN,Canada,Wave and Tidal,1,0.14326647564469913
6d5050f7a97e7e2e881a4e09dfbd6087,CAN,Canada,Coal,1,0.14326647564469913
6d5050f7a97e7e2e881a4e09dfbd6087,CAN,Canada,Nuclear,1,0.14326647564469913
6d5050f7a97e7e2e881a4e09dfbd6087,CAN,Canada,Oil,1,0.14326647564469913
6d5050f7a97e7e2e881a4e09dfbd6087,CAN,Canada,Other,1,0.14326647564469913
bd129bb6340aff8b7df12c3dc981b7a3,CPV,Cape Verde,Oil,1,0.14326647564469913
bd129bb6340aff8b7df12c3dc981b7a3,CPV,Cape Verde,Solar,1,0.14326647564469913
3908b5520c10387318acb3bf705a4f2a,CAF,Central African Republic,Oil,1,0.14326647564469913
3908b5520c10387318acb3bf705a4f2a,CAF,Central African Republic,Hydro,1,0.14326647564469913
9397a110bc9ea7b1ea19afd970088688,CHL,Chile,Hydro,1,0.14326647564469913
9397a110bc9ea7b1ea19afd970088688,CHL,Chile,Oil,1,0.14326647564469913
9397a110bc9ea7b1ea19afd970088688,CHL,Chile,Wind,1,0.14326647564469913
9397a110bc9ea7b1ea19afd970088688,CHL,Chile,Gas,1,0.14326647564469913
9397a110bc9ea7b1ea19afd970088688,CHL,Chile,Solar,1,0.14326647564469913
9397a110bc9ea7b1ea19afd970088688,CHL,Chile,Biomass,1,0.14326647564469913
9397a110bc9ea7b1ea19afd970088688,CHL,Chile,Coal,1,0.14326647564469913
9397a110bc9ea7b1ea19afd970088688,CHL,Chile,Petcoke,1,0.14326647564469913
511278d2e1ccfb83e26e1249e3aedbe6,CHN,China,Coal,1,0.14326647564469913
511278d2e1ccfb83e26e1249e3aedbe6,CHN,China,Hydro,1,0.14326647564469913
511278d2e1ccfb83e26e1249e3aedbe6,CHN,China,Wind,1,0.14326647564469913
511278d2e1ccfb83e26e1249e3aedbe6,CHN,China,Solar,1,0.14326647564469913
511278d2e1ccfb83e26e1249e3aedbe6,CHN,China,Gas,1,0.14326647564469913
511278d2e1ccfb83e26e1249e3aedbe6,CHN,China,Nuclear,1,0.14326647564469913
511278d2e1ccfb83e26e1249e3aedbe6,CHN,China,Oil,1,0.14326647564469913
511278d2e1ccfb83e26e1249e3aedbe6,CHN,China,Geothermal,1,0.14326647564469913
a44a065875f5d66d41474bb9bfb0ce05,COL,Colombia,Hydro,1,0.14326647564469913
a44a065875f5d66d41474bb9bfb0ce05,COL,Colombia,Oil,1,0.14326647564469913
a44a065875f5d66d41474bb9bfb0ce05,COL,Colombia,Solar,1,0.14326647564469913
a44a065875f5d66d41474bb9bfb0ce05,COL,Colombia,Coal,1,0.14326647564469913
a44a065875f5d66d41474bb9bfb0ce05,COL,Colombia,Gas,1,0.14326647564469913
3d71f062cb40eb7130d804a1f489e1b0,COG,Congo,Gas,1,0.14326647564469913
3d71f062cb40eb7130d804a1f489e1b0,COG,Congo,Hydro,1,0.14326647564469913
3d71f062cb40eb7130d804a1f489e1b0,COG,Congo,Oil,1,0.14326647564469913
45f48a2b3043d55f82d91dea527bf9f9,CRI,Costa Rica,Hydro,1,0.14326647564469913
45f48a2b3043d55f82d91dea527bf9f9,CRI,Costa Rica,Geothermal,1,0.14326647564469913
45f48a2b3043d55f82d91dea527bf9f9,CRI,Costa Rica,Solar,1,0.14326647564469913
45f48a2b3043d55f82d91dea527bf9f9,CRI,Costa Rica,Oil,1,0.14326647564469913
649e8ff05e8c9fab88be1b7151329551,CIV,Cote DIvoire,Hydro,1,0.14326647564469913
649e8ff05e8c9fab88be1b7151329551,CIV,Cote DIvoire,Gas,1,0.14326647564469913
ba43027d2139b4d18ee8aeb84208ab25,HRV,Croatia,Hydro,1,0.14326647564469913
ba43027d2139b4d18ee8aeb84208ab25,HRV,Croatia,Gas,1,0.14326647564469913
ba43027d2139b4d18ee8aeb84208ab25,HRV,Croatia,Coal,1,0.14326647564469913
ba43027d2139b4d18ee8aeb84208ab25,HRV,Croatia,Oil,1,0.14326647564469913
b1807ef0423f342f0efad69575acfa8d,CUB,Cuba,Oil,1,0.14326647564469913
b1807ef0423f342f0efad69575acfa8d,CUB,Cuba,Gas,1,0.14326647564469913
b1807ef0423f342f0efad69575acfa8d,CUB,Cuba,Wind,1,0.14326647564469913
b1807ef0423f342f0efad69575acfa8d,CUB,Cuba,Solar,1,0.14326647564469913
ccbfc6c854368c5b1594357a09731a2b,CYP,Cyprus,Oil,1,0.14326647564469913
ccbfc6c854368c5b1594357a09731a2b,CYP,Cyprus,Gas,1,0.14326647564469913
f574ece9b6555f4e331e19fcd42a2bd8,CZE,Czech Republic,Solar,1,0.14326647564469913
f574ece9b6555f4e331e19fcd42a2bd8,CZE,Czech Republic,Coal,1,0.14326647564469913
f574ece9b6555f4e331e19fcd42a2bd8,CZE,Czech Republic,Hydro,1,0.14326647564469913
f574ece9b6555f4e331e19fcd42a2bd8,CZE,Czech Republic,Nuclear,1,0.14326647564469913
f574ece9b6555f4e331e19fcd42a2bd8,CZE,Czech Republic,Gas,1,0.14326647564469913
5030551cd5ca2f5644f3d4e00ff6eba7,COD,Democratic Republic of the Congo,Gas,1,0.14326647564469913
5030551cd5ca2f5644f3d4e00ff6eba7,COD,Democratic Republic of the Congo,Hydro,1,0.14326647564469913
5030551cd5ca2f5644f3d4e00ff6eba7,COD,Democratic Republic of the Congo,Oil,1,0.14326647564469913
cfed8a47c7de28fc7c2832f1e6ebbb3e,DNK,Denmark,Solar,1,0.14326647564469913
cfed8a47c7de28fc7c2832f1e6ebbb3e,DNK,Denmark,Geothermal,1,0.14326647564469913
cfed8a47c7de28fc7c2832f1e6ebbb3e,DNK,Denmark,Coal,1,0.14326647564469913
cfed8a47c7de28fc7c2832f1e6ebbb3e,DNK,Denmark,Wind,1,0.14326647564469913
cfed8a47c7de28fc7c2832f1e6ebbb3e,DNK,Denmark,Gas,1,0.14326647564469913
cfed8a47c7de28fc7c2832f1e6ebbb3e,DNK,Denmark,Biomass,1,0.14326647564469913
cfed8a47c7de28fc7c2832f1e6ebbb3e,DNK,Denmark,Oil,1,0.14326647564469913
153d951385c5fdca0deb46430d4c73e2,DJI,Djibouti,Oil,1,0.14326647564469913
7d961b8030c6099ee907f4f4b5fe6b3d,DOM,Dominican Republic,Gas,1,0.14326647564469913
7d961b8030c6099ee907f4f4b5fe6b3d,DOM,Dominican Republic,Coal,1,0.14326647564469913
7d961b8030c6099ee907f4f4b5fe6b3d,DOM,Dominican Republic,Solar,1,0.14326647564469913
7d961b8030c6099ee907f4f4b5fe6b3d,DOM,Dominican Republic,Oil,1,0.14326647564469913
7d961b8030c6099ee907f4f4b5fe6b3d,DOM,Dominican Republic,Hydro,1,0.14326647564469913
7d961b8030c6099ee907f4f4b5fe6b3d,DOM,Dominican Republic,Wind,1,0.14326647564469913
1e5ac0fa08197d653644e05515386402,ECU,Ecuador,Hydro,1,0.14326647564469913
1e5ac0fa08197d653644e05515386402,ECU,Ecuador,Gas,1,0.14326647564469913
1e5ac0fa08197d653644e05515386402,ECU,Ecuador,Oil,1,0.14326647564469913
1e5ac0fa08197d653644e05515386402,ECU,Ecuador,Solar,1,0.14326647564469913
620cbb2d3bf1f911db8851a5d2e6cc39,EGY,Egypt,Gas,1,0.14326647564469913
620cbb2d3bf1f911db8851a5d2e6cc39,EGY,Egypt,Oil,1,0.14326647564469913
620cbb2d3bf1f911db8851a5d2e6cc39,EGY,Egypt,Hydro,1,0.14326647564469913
620cbb2d3bf1f911db8851a5d2e6cc39,EGY,Egypt,Solar,1,0.14326647564469913
620cbb2d3bf1f911db8851a5d2e6cc39,EGY,Egypt,Wind,1,0.14326647564469913
af87aa35b248337f0470c3cafa3f6173,SLV,El Salvador,Hydro,1,0.14326647564469913
af87aa35b248337f0470c3cafa3f6173,SLV,El Salvador,Oil,1,0.14326647564469913
af87aa35b248337f0470c3cafa3f6173,SLV,El Salvador,Geothermal,1,0.14326647564469913
af87aa35b248337f0470c3cafa3f6173,SLV,El Salvador,Solar,1,0.14326647564469913
2663d74305eb722d09dffdb73c542ca5,GNQ,Equatorial Guinea,Gas,1,0.14326647564469913
2663d74305eb722d09dffdb73c542ca5,GNQ,Equatorial Guinea,Hydro,1,0.14326647564469913
b0188446b9adb4f2400e2e7d03a4d516,ERI,Eritrea,Oil,1,0.14326647564469913
33a61062aa4da2b795b7f9616c138b89,EST,Estonia,Wind,1,0.14326647564469913
33a61062aa4da2b795b7f9616c138b89,EST,Estonia,Oil,1,0.14326647564469913
33a61062aa4da2b795b7f9616c138b89,EST,Estonia,Gas,1,0.14326647564469913
f8d2e1584059489f8ffa3663b3223df2,ETH,Ethiopia,Wind,1,0.14326647564469913
f8d2e1584059489f8ffa3663b3223df2,ETH,Ethiopia,Geothermal,1,0.14326647564469913
f8d2e1584059489f8ffa3663b3223df2,ETH,Ethiopia,Hydro,1,0.14326647564469913
ab7adfc56a50fc49811359f04ec7cee6,FJI,Fiji,Wind,1,0.14326647564469913
ab7adfc56a50fc49811359f04ec7cee6,FJI,Fiji,Oil,1,0.14326647564469913
ab7adfc56a50fc49811359f04ec7cee6,FJI,Fiji,Biomass,1,0.14326647564469913
ab7adfc56a50fc49811359f04ec7cee6,FJI,Fiji,Hydro,1,0.14326647564469913
f408850c47cccdcedad816d79e100906,FIN,Finland,Hydro,1,0.14326647564469913
f408850c47cccdcedad816d79e100906,FIN,Finland,Oil,1,0.14326647564469913
f408850c47cccdcedad816d79e100906,FIN,Finland,Biomass,1,0.14326647564469913
f408850c47cccdcedad816d79e100906,FIN,Finland,Gas,1,0.14326647564469913
f408850c47cccdcedad816d79e100906,FIN,Finland,Coal,1,0.14326647564469913
f408850c47cccdcedad816d79e100906,FIN,Finland,Wind,1,0.14326647564469913
f408850c47cccdcedad816d79e100906,FIN,Finland,Nuclear,1,0.14326647564469913
f408850c47cccdcedad816d79e100906,FIN,Finland,Other,1,0.14326647564469913
e52a9d7f668e660411384f7f4cfa3111,FRA,France,Oil,1,0.14326647564469913
e52a9d7f668e660411384f7f4cfa3111,FRA,France,Hydro,1,0.14326647564469913
e52a9d7f668e660411384f7f4cfa3111,FRA,France,Wind,1,0.14326647564469913
e52a9d7f668e660411384f7f4cfa3111,FRA,France,Solar,1,0.14326647564469913
e52a9d7f668e660411384f7f4cfa3111,FRA,France,Biomass,1,0.14326647564469913
e52a9d7f668e660411384f7f4cfa3111,FRA,France,Nuclear,1,0.14326647564469913
e52a9d7f668e660411384f7f4cfa3111,FRA,France,Gas,1,0.14326647564469913
e52a9d7f668e660411384f7f4cfa3111,FRA,France,Geothermal,1,0.14326647564469913
e52a9d7f668e660411384f7f4cfa3111,FRA,France,Coal,1,0.14326647564469913
e52a9d7f668e660411384f7f4cfa3111,FRA,France,Wave and Tidal,1,0.14326647564469913
e0648b0e05779c40c961c6b2720eda65,GUF,French Guiana,Gas,1,0.14326647564469913
e0648b0e05779c40c961c6b2720eda65,GUF,French Guiana,Oil,1,0.14326647564469913
e0648b0e05779c40c961c6b2720eda65,GUF,French Guiana,Biomass,1,0.14326647564469913
e0648b0e05779c40c961c6b2720eda65,GUF,French Guiana,Hydro,1,0.14326647564469913
e0648b0e05779c40c961c6b2720eda65,GUF,French Guiana,Solar,1,0.14326647564469913
73d9d5e5f403ba0dc1e021acb0b34944,GAB,Gabon,Hydro,1,0.14326647564469913
73d9d5e5f403ba0dc1e021acb0b34944,GAB,Gabon,Gas,1,0.14326647564469913
73d9d5e5f403ba0dc1e021acb0b34944,GAB,Gabon,Oil,1,0.14326647564469913
bf9e5c3591164d49e11a183c25489fde,GMB,Gambia,Oil,1,0.14326647564469913
4a221f74494f1ac7a498e6524292eaef,GEO,Georgia,Hydro,1,0.14326647564469913
4a221f74494f1ac7a498e6524292eaef,GEO,Georgia,Gas,1,0.14326647564469913
2359d81e641f037037da95207c38b0e3,DEU,Germany,Gas,1,0.14326647564469913
2359d81e641f037037da95207c38b0e3,DEU,Germany,Waste,1,0.14326647564469913
2359d81e641f037037da95207c38b0e3,DEU,Germany,Solar,1,0.14326647564469913
2359d81e641f037037da95207c38b0e3,DEU,Germany,Coal,1,0.14326647564469913
2359d81e641f037037da95207c38b0e3,DEU,Germany,Hydro,1,0.14326647564469913
2359d81e641f037037da95207c38b0e3,DEU,Germany,Wind,1,0.14326647564469913
2359d81e641f037037da95207c38b0e3,DEU,Germany,Oil,1,0.14326647564469913
2359d81e641f037037da95207c38b0e3,DEU,Germany,Biomass,1,0.14326647564469913
2359d81e641f037037da95207c38b0e3,DEU,Germany,Nuclear,1,0.14326647564469913
2359d81e641f037037da95207c38b0e3,DEU,Germany,Other,1,0.14326647564469913
c865ebc77bfc953da689df5f5bff2aa3,GHA,Ghana,Hydro,1,0.14326647564469913
c865ebc77bfc953da689df5f5bff2aa3,GHA,Ghana,Solar,1,0.14326647564469913
c865ebc77bfc953da689df5f5bff2aa3,GHA,Ghana,Gas,1,0.14326647564469913
46d3add728baf23b83f08579b0dd969f,GRC,Greece,Solar,1,0.14326647564469913
46d3add728baf23b83f08579b0dd969f,GRC,Greece,Coal,1,0.14326647564469913
46d3add728baf23b83f08579b0dd969f,GRC,Greece,Gas,1,0.14326647564469913
46d3add728baf23b83f08579b0dd969f,GRC,Greece,Waste,1,0.14326647564469913
46d3add728baf23b83f08579b0dd969f,GRC,Greece,Hydro,1,0.14326647564469913
46d3add728baf23b83f08579b0dd969f,GRC,Greece,Oil,1,0.14326647564469913
46d3add728baf23b83f08579b0dd969f,GRC,Greece,Wind,1,0.14326647564469913
b5c681d99cac84584bbc11301f2647fd,GTM,Guatemala,Hydro,1,0.14326647564469913
b5c681d99cac84584bbc11301f2647fd,GTM,Guatemala,Oil,1,0.14326647564469913
b5c681d99cac84584bbc11301f2647fd,GTM,Guatemala,Biomass,1,0.14326647564469913
b5c681d99cac84584bbc11301f2647fd,GTM,Guatemala,Coal,1,0.14326647564469913
b5c681d99cac84584bbc11301f2647fd,GTM,Guatemala,Solar,1,0.14326647564469913
b5c681d99cac84584bbc11301f2647fd,GTM,Guatemala,Waste,1,0.14326647564469913
b5c681d99cac84584bbc11301f2647fd,GTM,Guatemala,Geothermal,1,0.14326647564469913
b5c681d99cac84584bbc11301f2647fd,GTM,Guatemala,Wind,1,0.14326647564469913
584e624dc973b205dab74947f273a65e,GIN,Guinea,Hydro,1,0.14326647564469913
584e624dc973b205dab74947f273a65e,GIN,Guinea,Oil,1,0.14326647564469913
3e2ccdfb1ad03ac69fcb8b39483961f0,GNB,Guinea-Bissau,Oil,1,0.14326647564469913
8c6cc50206ba22aadd7ffd4daae385b9,GUY,Guyana,Oil,1,0.14326647564469913
8c6cc50206ba22aadd7ffd4daae385b9,GUY,Guyana,Biomass,1,0.14326647564469913
74f47390f8af01cceeb2c4127e86bada,HND,Honduras,Solar,1,0.14326647564469913
74f47390f8af01cceeb2c4127e86bada,HND,Honduras,Biomass,1,0.14326647564469913
74f47390f8af01cceeb2c4127e86bada,HND,Honduras,Hydro,1,0.14326647564469913
74f47390f8af01cceeb2c4127e86bada,HND,Honduras,Wind,1,0.14326647564469913
74f47390f8af01cceeb2c4127e86bada,HND,Honduras,Waste,1,0.14326647564469913
74f47390f8af01cceeb2c4127e86bada,HND,Honduras,Oil,1,0.14326647564469913
74f47390f8af01cceeb2c4127e86bada,HND,Honduras,Gas,1,0.14326647564469913
74f47390f8af01cceeb2c4127e86bada,HND,Honduras,Geothermal,1,0.14326647564469913
d4f57d108e2447155789c856b4332a53,HUN,Hungary,Gas,1,0.14326647564469913
d4f57d108e2447155789c856b4332a53,HUN,Hungary,Coal,1,0.14326647564469913
d4f57d108e2447155789c856b4332a53,HUN,Hungary,Solar,1,0.14326647564469913
d4f57d108e2447155789c856b4332a53,HUN,Hungary,Oil,1,0.14326647564469913
d4f57d108e2447155789c856b4332a53,HUN,Hungary,Nuclear,1,0.14326647564469913
331c78c0879ee142a6dad59c3511d8a8,ISL,Iceland,Hydro,1,0.14326647564469913
331c78c0879ee142a6dad59c3511d8a8,ISL,Iceland,Geothermal,1,0.14326647564469913
82828756da24342a94c9b1355ae83653,IND,India,Solar,1,0.14326647564469913
82828756da24342a94c9b1355ae83653,IND,India,Coal,1,0.14326647564469913
82828756da24342a94c9b1355ae83653,IND,India,Wind,1,0.14326647564469913
82828756da24342a94c9b1355ae83653,IND,India,Gas,1,0.14326647564469913
82828756da24342a94c9b1355ae83653,IND,India,Hydro,1,0.14326647564469913
82828756da24342a94c9b1355ae83653,IND,India,Biomass,1,0.14326647564469913
82828756da24342a94c9b1355ae83653,IND,India,Oil,1,0.14326647564469913
82828756da24342a94c9b1355ae83653,IND,India,Nuclear,1,0.14326647564469913
91b986165f8990bf44fd00cd6eaec922,IDN,Indonesia,Coal,1,0.14326647564469913
91b986165f8990bf44fd00cd6eaec922,IDN,Indonesia,Oil,1,0.14326647564469913
91b986165f8990bf44fd00cd6eaec922,IDN,Indonesia,Hydro,1,0.14326647564469913
91b986165f8990bf44fd00cd6eaec922,IDN,Indonesia,Geothermal,1,0.14326647564469913
91b986165f8990bf44fd00cd6eaec922,IDN,Indonesia,Gas,1,0.14326647564469913
f9517732c6ca33c5b258b961a37ca03f,IRN,Iran,Gas,1,0.14326647564469913
f9517732c6ca33c5b258b961a37ca03f,IRN,Iran,Oil,1,0.14326647564469913
f9517732c6ca33c5b258b961a37ca03f,IRN,Iran,Hydro,1,0.14326647564469913
f9517732c6ca33c5b258b961a37ca03f,IRN,Iran,Solar,1,0.14326647564469913
f9517732c6ca33c5b258b961a37ca03f,IRN,Iran,Nuclear,1,0.14326647564469913
f9517732c6ca33c5b258b961a37ca03f,IRN,Iran,Wind,1,0.14326647564469913
19d751dff27aea339cf66284e97e1d5e,IRQ,Iraq,Hydro,1,0.14326647564469913
19d751dff27aea339cf66284e97e1d5e,IRQ,Iraq,Gas,1,0.14326647564469913
19d751dff27aea339cf66284e97e1d5e,IRQ,Iraq,Oil,1,0.14326647564469913
9d171daf091e1baafe445787161bf7fe,IRL,Ireland,Gas,1,0.14326647564469913
9d171daf091e1baafe445787161bf7fe,IRL,Ireland,Wind,1,0.14326647564469913
9d171daf091e1baafe445787161bf7fe,IRL,Ireland,Hydro,1,0.14326647564469913
9d171daf091e1baafe445787161bf7fe,IRL,Ireland,Oil,1,0.14326647564469913
9d171daf091e1baafe445787161bf7fe,IRL,Ireland,Coal,1,0.14326647564469913
9d171daf091e1baafe445787161bf7fe,IRL,Ireland,Biomass,1,0.14326647564469913
cbada7cecd4982719ca391bd8dc465ed,ISR,Israel,Gas,1,0.14326647564469913
cbada7cecd4982719ca391bd8dc465ed,ISR,Israel,Solar,1,0.14326647564469913
cbada7cecd4982719ca391bd8dc465ed,ISR,Israel,Wind,1,0.14326647564469913
cbada7cecd4982719ca391bd8dc465ed,ISR,Israel,Coal,1,0.14326647564469913
7e4af79a0de4b2cb20087897459258a1,ITA,Italy,Hydro,1,0.14326647564469913
7e4af79a0de4b2cb20087897459258a1,ITA,Italy,Other,1,0.14326647564469913
7e4af79a0de4b2cb20087897459258a1,ITA,Italy,Solar,1,0.14326647564469913
7e4af79a0de4b2cb20087897459258a1,ITA,Italy,Gas,1,0.14326647564469913
7e4af79a0de4b2cb20087897459258a1,ITA,Italy,Oil,1,0.14326647564469913
7e4af79a0de4b2cb20087897459258a1,ITA,Italy,Coal,1,0.14326647564469913
7e4af79a0de4b2cb20087897459258a1,ITA,Italy,Geothermal,1,0.14326647564469913
7e4af79a0de4b2cb20087897459258a1,ITA,Italy,Wind,1,0.14326647564469913
a66e269a1b2177db417c794566bd6c51,JAM,Jamaica,Gas,1,0.14326647564469913
a66e269a1b2177db417c794566bd6c51,JAM,Jamaica,Solar,1,0.14326647564469913
a66e269a1b2177db417c794566bd6c51,JAM,Jamaica,Oil,1,0.14326647564469913
a66e269a1b2177db417c794566bd6c51,JAM,Jamaica,Hydro,1,0.14326647564469913
a66e269a1b2177db417c794566bd6c51,JAM,Jamaica,Wind,1,0.14326647564469913
730f0fc3e23a706211e6e9567af0b2a7,JPN,Japan,Solar,1,0.14326647564469913
730f0fc3e23a706211e6e9567af0b2a7,JPN,Japan,Oil,1,0.14326647564469913
730f0fc3e23a706211e6e9567af0b2a7,JPN,Japan,Wind,1,0.14326647564469913
730f0fc3e23a706211e6e9567af0b2a7,JPN,Japan,Hydro,1,0.14326647564469913
730f0fc3e23a706211e6e9567af0b2a7,JPN,Japan,Gas,1,0.14326647564469913
730f0fc3e23a706211e6e9567af0b2a7,JPN,Japan,Nuclear,1,0.14326647564469913
730f0fc3e23a706211e6e9567af0b2a7,JPN,Japan,Waste,1,0.14326647564469913
730f0fc3e23a706211e6e9567af0b2a7,JPN,Japan,Coal,1,0.14326647564469913
730f0fc3e23a706211e6e9567af0b2a7,JPN,Japan,Geothermal,1,0.14326647564469913
80d1557f578c18f28a7d26852da4b46e,JOR,Jordan,Solar,1,0.14326647564469913
80d1557f578c18f28a7d26852da4b46e,JOR,Jordan,Gas,1,0.14326647564469913
80d1557f578c18f28a7d26852da4b46e,JOR,Jordan,Oil,1,0.14326647564469913
9a0f55d0b547af319ef47977c082a1e8,KAZ,Kazakhstan,Coal,1,0.14326647564469913
9a0f55d0b547af319ef47977c082a1e8,KAZ,Kazakhstan,Gas,1,0.14326647564469913
9a0f55d0b547af319ef47977c082a1e8,KAZ,Kazakhstan,Solar,1,0.14326647564469913
9a0f55d0b547af319ef47977c082a1e8,KAZ,Kazakhstan,Hydro,1,0.14326647564469913
e7f3f3f6ec7d1d0ac5e53cf55518e73f,KEN,Kenya,Solar,1,0.14326647564469913
e7f3f3f6ec7d1d0ac5e53cf55518e73f,KEN,Kenya,Hydro,1,0.14326647564469913
e7f3f3f6ec7d1d0ac5e53cf55518e73f,KEN,Kenya,Oil,1,0.14326647564469913
e7f3f3f6ec7d1d0ac5e53cf55518e73f,KEN,Kenya,Wind,1,0.14326647564469913
e7f3f3f6ec7d1d0ac5e53cf55518e73f,KEN,Kenya,Geothermal,1,0.14326647564469913
7566ae40f6660fe674ec38ba3d264478,KOS,Kosovo,Coal,1,0.14326647564469913
5a4f094e4abdf040f2cadb76a469d657,KWT,Kuwait,Gas,1,0.14326647564469913
5a4f094e4abdf040f2cadb76a469d657,KWT,Kuwait,Solar,1,0.14326647564469913
d54dd3dc58c663d9cf3fa3904e8f8854,KGZ,Kyrgyzstan,Hydro,1,0.14326647564469913
d54dd3dc58c663d9cf3fa3904e8f8854,KGZ,Kyrgyzstan,Coal,1,0.14326647564469913
d54dd3dc58c663d9cf3fa3904e8f8854,KGZ,Kyrgyzstan,Oil,1,0.14326647564469913
519c120922e1ed9f2d5b1d1a926a9809,LAO,Laos,Coal,1,0.14326647564469913
519c120922e1ed9f2d5b1d1a926a9809,LAO,Laos,Hydro,1,0.14326647564469913
db05df6518360876eefbd2977a6d1823,LVA,Latvia,Hydro,1,0.14326647564469913
db05df6518360876eefbd2977a6d1823,LVA,Latvia,Gas,1,0.14326647564469913
0e2bef25f361aaeed5bce0d511beb5ec,LBN,Lebanon,Oil,1,0.14326647564469913
0e2bef25f361aaeed5bce0d511beb5ec,LBN,Lebanon,Gas,1,0.14326647564469913
4caff2e790aeee00c49886ea72af4b1b,LSO,Lesotho,Hydro,1,0.14326647564469913
b86deb96582c36580716fe60af8fb95d,LBR,Liberia,Oil,1,0.14326647564469913
b86deb96582c36580716fe60af8fb95d,LBR,Liberia,Hydro,1,0.14326647564469913
9d399283944f4003fcdfb1fb5a02d51f,LBY,Libya,Gas,1,0.14326647564469913
9d399283944f4003fcdfb1fb5a02d51f,LBY,Libya,Oil,1,0.14326647564469913
7393de10bafeebd683639a063422e70e,LTU,Lithuania,Gas,1,0.14326647564469913
7393de10bafeebd683639a063422e70e,LTU,Lithuania,Hydro,1,0.14326647564469913
edd8153edfbf90e24bb5b1fa78d62450,LUX,Luxembourg,Gas,1,0.14326647564469913
edd8153edfbf90e24bb5b1fa78d62450,LUX,Luxembourg,Hydro,1,0.14326647564469913
0548a9028acd6263c147e79e4f88cba9,MKD,Macedonia,Coal,1,0.14326647564469913
0548a9028acd6263c147e79e4f88cba9,MKD,Macedonia,Hydro,1,0.14326647564469913
7294ea8d19c96f2bfa83f385ac7e6ef6,MDG,Madagascar,Solar,1,0.14326647564469913
7294ea8d19c96f2bfa83f385ac7e6ef6,MDG,Madagascar,Coal,1,0.14326647564469913
7294ea8d19c96f2bfa83f385ac7e6ef6,MDG,Madagascar,Oil,1,0.14326647564469913
7294ea8d19c96f2bfa83f385ac7e6ef6,MDG,Madagascar,Hydro,1,0.14326647564469913
7294ea8d19c96f2bfa83f385ac7e6ef6,MDG,Madagascar,Gas,1,0.14326647564469913
a43131ea35b5437bb25ecf6deddce4c0,MWI,Malawi,Gas,1,0.14326647564469913
a43131ea35b5437bb25ecf6deddce4c0,MWI,Malawi,Hydro,1,0.14326647564469913
a43131ea35b5437bb25ecf6deddce4c0,MWI,Malawi,Biomass,1,0.14326647564469913
937e9d0a26cb45c73fe4ee6ef4fcd81a,MYS,Malaysia,Hydro,1,0.14326647564469913
937e9d0a26cb45c73fe4ee6ef4fcd81a,MYS,Malaysia,Solar,1,0.14326647564469913
937e9d0a26cb45c73fe4ee6ef4fcd81a,MYS,Malaysia,Gas,1,0.14326647564469913
937e9d0a26cb45c73fe4ee6ef4fcd81a,MYS,Malaysia,Coal,1,0.14326647564469913
937e9d0a26cb45c73fe4ee6ef4fcd81a,MYS,Malaysia,Oil,1,0.14326647564469913
937e9d0a26cb45c73fe4ee6ef4fcd81a,MYS,Malaysia,Biomass,1,0.14326647564469913
f66296591d6caf2b2c27e885f2fc108c,MLI,Mali,Hydro,1,0.14326647564469913
afe84d5a90a63153a65c7023883c059a,MRT,Mauritania,Oil,1,0.14326647564469913
afe84d5a90a63153a65c7023883c059a,MRT,Mauritania,Gas,1,0.14326647564469913
afe84d5a90a63153a65c7023883c059a,MRT,Mauritania,Solar,1,0.14326647564469913
afe84d5a90a63153a65c7023883c059a,MRT,Mauritania,Wind,1,0.14326647564469913
23ae79629952a8f1dd683a5c34463e0b,MUS,Mauritius,Solar,1,0.14326647564469913
23ae79629952a8f1dd683a5c34463e0b,MUS,Mauritius,Coal,1,0.14326647564469913
23ae79629952a8f1dd683a5c34463e0b,MUS,Mauritius,Hydro,1,0.14326647564469913
23ae79629952a8f1dd683a5c34463e0b,MUS,Mauritius,Biomass,1,0.14326647564469913
23ae79629952a8f1dd683a5c34463e0b,MUS,Mauritius,Oil,1,0.14326647564469913
de40a6e304bf5a88b2ea9f4fb90c3a0c,MEX,Mexico,Oil,1,0.14326647564469913
de40a6e304bf5a88b2ea9f4fb90c3a0c,MEX,Mexico,Solar,1,0.14326647564469913
de40a6e304bf5a88b2ea9f4fb90c3a0c,MEX,Mexico,Hydro,1,0.14326647564469913
de40a6e304bf5a88b2ea9f4fb90c3a0c,MEX,Mexico,Gas,1,0.14326647564469913
de40a6e304bf5a88b2ea9f4fb90c3a0c,MEX,Mexico,Biomass,1,0.14326647564469913
de40a6e304bf5a88b2ea9f4fb90c3a0c,MEX,Mexico,Wind,1,0.14326647564469913
de40a6e304bf5a88b2ea9f4fb90c3a0c,MEX,Mexico,Coal,1,0.14326647564469913
de40a6e304bf5a88b2ea9f4fb90c3a0c,MEX,Mexico,Geothermal,1,0.14326647564469913
de40a6e304bf5a88b2ea9f4fb90c3a0c,MEX,Mexico,Nuclear,1,0.14326647564469913
101817e23304d987faadaba1e5577909,MDA,Moldova,Gas,1,0.14326647564469913
101817e23304d987faadaba1e5577909,MDA,Moldova,Hydro,1,0.14326647564469913
101817e23304d987faadaba1e5577909,MDA,Moldova,Coal,1,0.14326647564469913
7e56a82cbdde423008c596f41bfbac70,MNG,Mongolia,Solar,1,0.14326647564469913
7e56a82cbdde423008c596f41bfbac70,MNG,Mongolia,Coal,1,0.14326647564469913
7e56a82cbdde423008c596f41bfbac70,MNG,Mongolia,Wind,1,0.14326647564469913
afe15b4f70b85880b119afd1c645daba,MNE,Montenegro,Hydro,1,0.14326647564469913
afe15b4f70b85880b119afd1c645daba,MNE,Montenegro,Coal,1,0.14326647564469913
6ab0461982f82fe5bc6c71e6faef45b3,MAR,Morocco,Hydro,1,0.14326647564469913
6ab0461982f82fe5bc6c71e6faef45b3,MAR,Morocco,Gas,1,0.14326647564469913
6ab0461982f82fe5bc6c71e6faef45b3,MAR,Morocco,Solar,1,0.14326647564469913
6ab0461982f82fe5bc6c71e6faef45b3,MAR,Morocco,Wind,1,0.14326647564469913
6ab0461982f82fe5bc6c71e6faef45b3,MAR,Morocco,Oil,1,0.14326647564469913
6ab0461982f82fe5bc6c71e6faef45b3,MAR,Morocco,Coal,1,0.14326647564469913
e71fc09a57457ddc9fde02ae41cbea27,MOZ,Mozambique,Hydro,1,0.14326647564469913
da27331778aba3d85176f2c76f49bcc8,MMR,Myanmar,Gas,1,0.14326647564469913
da27331778aba3d85176f2c76f49bcc8,MMR,Myanmar,Hydro,1,0.14326647564469913
da27331778aba3d85176f2c76f49bcc8,MMR,Myanmar,Coal,1,0.14326647564469913
da27331778aba3d85176f2c76f49bcc8,MMR,Myanmar,Solar,1,0.14326647564469913
fd58b0a251a44218eaf69d443bd4794e,NAM,Namibia,Oil,1,0.14326647564469913
fd58b0a251a44218eaf69d443bd4794e,NAM,Namibia,Solar,1,0.14326647564469913
fd58b0a251a44218eaf69d443bd4794e,NAM,Namibia,Hydro,1,0.14326647564469913
fd58b0a251a44218eaf69d443bd4794e,NAM,Namibia,Coal,1,0.14326647564469913
e01063d4d3aff2e43337f3bd0b502d89,NPL,Nepal,Hydro,1,0.14326647564469913
e01063d4d3aff2e43337f3bd0b502d89,NPL,Nepal,Solar,1,0.14326647564469913
edc122ef5431f5585c4284d02a9fb75b,NLD,Netherlands,Solar,1,0.14326647564469913
edc122ef5431f5585c4284d02a9fb75b,NLD,Netherlands,Wind,1,0.14326647564469913
edc122ef5431f5585c4284d02a9fb75b,NLD,Netherlands,Nuclear,1,0.14326647564469913
edc122ef5431f5585c4284d02a9fb75b,NLD,Netherlands,Gas,1,0.14326647564469913
edc122ef5431f5585c4284d02a9fb75b,NLD,Netherlands,Coal,1,0.14326647564469913
04f0f007ff77876e87913112a8cde86b,NZL,New Zealand,Hydro,1,0.14326647564469913
04f0f007ff77876e87913112a8cde86b,NZL,New Zealand,Wind,1,0.14326647564469913
04f0f007ff77876e87913112a8cde86b,NZL,New Zealand,Gas,1,0.14326647564469913
04f0f007ff77876e87913112a8cde86b,NZL,New Zealand,Coal,1,0.14326647564469913
04f0f007ff77876e87913112a8cde86b,NZL,New Zealand,Geothermal,1,0.14326647564469913
04f0f007ff77876e87913112a8cde86b,NZL,New Zealand,Oil,1,0.14326647564469913
220071ab44b426f80ef21f1c552c363c,NIC,Nicaragua,Oil,1,0.14326647564469913
220071ab44b426f80ef21f1c552c363c,NIC,Nicaragua,Hydro,1,0.14326647564469913
220071ab44b426f80ef21f1c552c363c,NIC,Nicaragua,Gas,1,0.14326647564469913
220071ab44b426f80ef21f1c552c363c,NIC,Nicaragua,Geothermal,1,0.14326647564469913
220071ab44b426f80ef21f1c552c363c,NIC,Nicaragua,Waste,1,0.14326647564469913
220071ab44b426f80ef21f1c552c363c,NIC,Nicaragua,Solar,1,0.14326647564469913
dda84144b017397eafc8d7568bc9f2ef,NER,Niger,Coal,1,0.14326647564469913
dda84144b017397eafc8d7568bc9f2ef,NER,Niger,Oil,1,0.14326647564469913
dda84144b017397eafc8d7568bc9f2ef,NER,Niger,Solar,1,0.14326647564469913
ec4eafce7d8773862f59a83264fe0af6,NGA,Nigeria,Gas,1,0.14326647564469913
ec4eafce7d8773862f59a83264fe0af6,NGA,Nigeria,Solar,1,0.14326647564469913
ec4eafce7d8773862f59a83264fe0af6,NGA,Nigeria,Hydro,1,0.14326647564469913
e4acf9e32d0d6f7e31497e13a23b0ba7,PRK,North Korea,Hydro,1,0.14326647564469913
e4acf9e32d0d6f7e31497e13a23b0ba7,PRK,North Korea,Coal,1,0.14326647564469913
11d451c440c4cc34a0238a0482f1c6da,NOR,Norway,Hydro,1,0.14326647564469913
11d451c440c4cc34a0238a0482f1c6da,NOR,Norway,Wind,1,0.14326647564469913
11d451c440c4cc34a0238a0482f1c6da,NOR,Norway,Gas,1,0.14326647564469913
8ce9750da8505d5a79c2ba89d5df128d,OMN,Oman,Gas,1,0.14326647564469913
8ce9750da8505d5a79c2ba89d5df128d,OMN,Oman,Solar,1,0.14326647564469913
520db707904f92039c093517ef0f748f,PAK,Pakistan,Oil,1,0.14326647564469913
520db707904f92039c093517ef0f748f,PAK,Pakistan,Solar,1,0.14326647564469913
520db707904f92039c093517ef0f748f,PAK,Pakistan,Gas,1,0.14326647564469913
520db707904f92039c093517ef0f748f,PAK,Pakistan,Hydro,1,0.14326647564469913
520db707904f92039c093517ef0f748f,PAK,Pakistan,Nuclear,1,0.14326647564469913
520db707904f92039c093517ef0f748f,PAK,Pakistan,Wind,1,0.14326647564469913
520db707904f92039c093517ef0f748f,PAK,Pakistan,Coal,1,0.14326647564469913
6f0862d55fca52dbe032fa0b99e9c6b5,PSE,Palestine,Solar,1,0.14326647564469913
d74461db15255d85a44ffd72419646b3,PAN,Panama,Oil,1,0.14326647564469913
d74461db15255d85a44ffd72419646b3,PAN,Panama,Coal,1,0.14326647564469913
d74461db15255d85a44ffd72419646b3,PAN,Panama,Hydro,1,0.14326647564469913
d74461db15255d85a44ffd72419646b3,PAN,Panama,Gas,1,0.14326647564469913
d74461db15255d85a44ffd72419646b3,PAN,Panama,Solar,1,0.14326647564469913
55505ba281b015ec31f03ccb151b2a34,PNG,Papua New Guinea,Gas,1,0.14326647564469913
55505ba281b015ec31f03ccb151b2a34,PNG,Papua New Guinea,Oil,1,0.14326647564469913
55505ba281b015ec31f03ccb151b2a34,PNG,Papua New Guinea,Hydro,1,0.14326647564469913
55505ba281b015ec31f03ccb151b2a34,PNG,Papua New Guinea,Geothermal,1,0.14326647564469913
2e508820515055f36f53be8169026d39,PRY,Paraguay,Hydro,1,0.14326647564469913
12ae43e68edf9759c087f2b0db126479,PER,Peru,Gas,1,0.14326647564469913
12ae43e68edf9759c087f2b0db126479,PER,Peru,Hydro,1,0.14326647564469913
12ae43e68edf9759c087f2b0db126479,PER,Peru,Coal,1,0.14326647564469913
12ae43e68edf9759c087f2b0db126479,PER,Peru,Solar,1,0.14326647564469913
12ae43e68edf9759c087f2b0db126479,PER,Peru,Wind,1,0.14326647564469913
024d0a19e2c7138683b785b4e0412532,PHL,Philippines,Hydro,1,0.14326647564469913
024d0a19e2c7138683b785b4e0412532,PHL,Philippines,Coal,1,0.14326647564469913
024d0a19e2c7138683b785b4e0412532,PHL,Philippines,Solar,1,0.14326647564469913
024d0a19e2c7138683b785b4e0412532,PHL,Philippines,Gas,1,0.14326647564469913
024d0a19e2c7138683b785b4e0412532,PHL,Philippines,Geothermal,1,0.14326647564469913
024d0a19e2c7138683b785b4e0412532,PHL,Philippines,Oil,1,0.14326647564469913
024d0a19e2c7138683b785b4e0412532,PHL,Philippines,Wind,1,0.14326647564469913
024d0a19e2c7138683b785b4e0412532,PHL,Philippines,Biomass,1,0.14326647564469913
6f805bc5bbdb2ab10d849672c309a6cc,POL,Poland,Coal,1,0.14326647564469913
6f805bc5bbdb2ab10d849672c309a6cc,POL,Poland,Hydro,1,0.14326647564469913
6f805bc5bbdb2ab10d849672c309a6cc,POL,Poland,Gas,1,0.14326647564469913
6f805bc5bbdb2ab10d849672c309a6cc,POL,Poland,Oil,1,0.14326647564469913
6f805bc5bbdb2ab10d849672c309a6cc,POL,Poland,Biomass,1,0.14326647564469913
6f805bc5bbdb2ab10d849672c309a6cc,POL,Poland,Wind,1,0.14326647564469913
6f805bc5bbdb2ab10d849672c309a6cc,POL,Poland,Solar,1,0.14326647564469913
0cc287cc90dfd24cc488276624c613b8,PRT,Portugal,Wind,1,0.14326647564469913
0cc287cc90dfd24cc488276624c613b8,PRT,Portugal,Solar,1,0.14326647564469913
0cc287cc90dfd24cc488276624c613b8,PRT,Portugal,Waste,1,0.14326647564469913
0cc287cc90dfd24cc488276624c613b8,PRT,Portugal,Hydro,1,0.14326647564469913
0cc287cc90dfd24cc488276624c613b8,PRT,Portugal,Biomass,1,0.14326647564469913
0cc287cc90dfd24cc488276624c613b8,PRT,Portugal,Gas,1,0.14326647564469913
0cc287cc90dfd24cc488276624c613b8,PRT,Portugal,Coal,1,0.14326647564469913
0cc287cc90dfd24cc488276624c613b8,PRT,Portugal,Geothermal,1,0.14326647564469913
211432f27b35c9a5ed5f6ea79d81ff6d,QAT,Qatar,Gas,1,0.14326647564469913
20540665adc933e89eaf76d30821c163,ROU,Romania,Solar,1,0.14326647564469913
20540665adc933e89eaf76d30821c163,ROU,Romania,Hydro,1,0.14326647564469913
20540665adc933e89eaf76d30821c163,ROU,Romania,Coal,1,0.14326647564469913
20540665adc933e89eaf76d30821c163,ROU,Romania,Nuclear,1,0.14326647564469913
20540665adc933e89eaf76d30821c163,ROU,Romania,Wind,1,0.14326647564469913
20540665adc933e89eaf76d30821c163,ROU,Romania,Gas,1,0.14326647564469913
0c445f5c8f996e0807744f0a036c7521,RUS,Russia,Solar,1,0.14326647564469913
0c445f5c8f996e0807744f0a036c7521,RUS,Russia,Gas,1,0.14326647564469913
0c445f5c8f996e0807744f0a036c7521,RUS,Russia,Hydro,1,0.14326647564469913
0c445f5c8f996e0807744f0a036c7521,RUS,Russia,Coal,1,0.14326647564469913
0c445f5c8f996e0807744f0a036c7521,RUS,Russia,Nuclear,1,0.14326647564469913
0c445f5c8f996e0807744f0a036c7521,RUS,Russia,Biomass,1,0.14326647564469913
0c445f5c8f996e0807744f0a036c7521,RUS,Russia,Oil,1,0.14326647564469913
0c445f5c8f996e0807744f0a036c7521,RUS,Russia,Other,1,0.14326647564469913
0c445f5c8f996e0807744f0a036c7521,RUS,Russia,Geothermal,1,0.14326647564469913
0c445f5c8f996e0807744f0a036c7521,RUS,Russia,Wind,1,0.14326647564469913
76ff4ec128c8a46ab8249b75e22e2d24,RWA,Rwanda,Waste,1,0.14326647564469913
76ff4ec128c8a46ab8249b75e22e2d24,RWA,Rwanda,Oil,1,0.14326647564469913
76ff4ec128c8a46ab8249b75e22e2d24,RWA,Rwanda,Gas,1,0.14326647564469913
76ff4ec128c8a46ab8249b75e22e2d24,RWA,Rwanda,Hydro,1,0.14326647564469913
76ff4ec128c8a46ab8249b75e22e2d24,RWA,Rwanda,Solar,1,0.14326647564469913
a19d36db01652d137fd3c8ecfa8855a1,LCA,Saint Lucia,Solar,1,0.14326647564469913
c2bfadcf81b2d1efe534198aa5dfe1be,SAU,Saudi Arabia,Gas,1,0.14326647564469913
c2bfadcf81b2d1efe534198aa5dfe1be,SAU,Saudi Arabia,Oil,1,0.14326647564469913
c2bfadcf81b2d1efe534198aa5dfe1be,SAU,Saudi Arabia,Solar,1,0.14326647564469913
f5faa82adc80348aa6a05db3d412381a,SEN,Senegal,Oil,1,0.14326647564469913
f5faa82adc80348aa6a05db3d412381a,SEN,Senegal,Solar,1,0.14326647564469913
f5faa82adc80348aa6a05db3d412381a,SEN,Senegal,Hydro,1,0.14326647564469913
53db4782d45c0da76d1c22b4f6b6f2db,SRB,Serbia,Hydro,1,0.14326647564469913
53db4782d45c0da76d1c22b4f6b6f2db,SRB,Serbia,Coal,1,0.14326647564469913
0a1d07df9a43688c7128eefbe3d41b08,SLE,Sierra Leone,Oil,1,0.14326647564469913
0a1d07df9a43688c7128eefbe3d41b08,SLE,Sierra Leone,Hydro,1,0.14326647564469913
c20bd397d37d167d6e4c23b346cb4c04,SGP,Singapore,Gas,1,0.14326647564469913
c20bd397d37d167d6e4c23b346cb4c04,SGP,Singapore,Waste,1,0.14326647564469913
c20bd397d37d167d6e4c23b346cb4c04,SGP,Singapore,Oil,1,0.14326647564469913
6abc0dd3f459a4fbc2694c0f7cd9757f,SVK,Slovakia,Solar,1,0.14326647564469913
6abc0dd3f459a4fbc2694c0f7cd9757f,SVK,Slovakia,Nuclear,1,0.14326647564469913
6abc0dd3f459a4fbc2694c0f7cd9757f,SVK,Slovakia,Hydro,1,0.14326647564469913
6abc0dd3f459a4fbc2694c0f7cd9757f,SVK,Slovakia,Gas,1,0.14326647564469913
6abc0dd3f459a4fbc2694c0f7cd9757f,SVK,Slovakia,Coal,1,0.14326647564469913
6bf57fb535ca7c28954dfb9ca7f66b2c,SVN,Slovenia,Gas,1,0.14326647564469913
6bf57fb535ca7c28954dfb9ca7f66b2c,SVN,Slovenia,Coal,1,0.14326647564469913
6bf57fb535ca7c28954dfb9ca7f66b2c,SVN,Slovenia,Hydro,1,0.14326647564469913
6bf57fb535ca7c28954dfb9ca7f66b2c,SVN,Slovenia,Nuclear,1,0.14326647564469913
deef0f38e9f569ed94944241f7ab3723,ZAF,South Africa,Gas,1,0.14326647564469913
deef0f38e9f569ed94944241f7ab3723,ZAF,South Africa,Solar,1,0.14326647564469913
deef0f38e9f569ed94944241f7ab3723,ZAF,South Africa,Wind,1,0.14326647564469913
deef0f38e9f569ed94944241f7ab3723,ZAF,South Africa,Oil,1,0.14326647564469913
deef0f38e9f569ed94944241f7ab3723,ZAF,South Africa,Coal,1,0.14326647564469913
deef0f38e9f569ed94944241f7ab3723,ZAF,South Africa,Hydro,1,0.14326647564469913
deef0f38e9f569ed94944241f7ab3723,ZAF,South Africa,Waste,1,0.14326647564469913
deef0f38e9f569ed94944241f7ab3723,ZAF,South Africa,Biomass,1,0.14326647564469913
deef0f38e9f569ed94944241f7ab3723,ZAF,South Africa,Nuclear,1,0.14326647564469913
0ae166dffde0e368e9c713968ea83fc7,KOR,South Korea,Hydro,1,0.14326647564469913
0ae166dffde0e368e9c713968ea83fc7,KOR,South Korea,Gas,1,0.14326647564469913
0ae166dffde0e368e9c713968ea83fc7,KOR,South Korea,Solar,1,0.14326647564469913
0ae166dffde0e368e9c713968ea83fc7,KOR,South Korea,Coal,1,0.14326647564469913
0ae166dffde0e368e9c713968ea83fc7,KOR,South Korea,Biomass,1,0.14326647564469913
0ae166dffde0e368e9c713968ea83fc7,KOR,South Korea,Wind,1,0.14326647564469913
0ae166dffde0e368e9c713968ea83fc7,KOR,South Korea,Waste,1,0.14326647564469913
0ae166dffde0e368e9c713968ea83fc7,KOR,South Korea,Nuclear,1,0.14326647564469913
0ae166dffde0e368e9c713968ea83fc7,KOR,South Korea,Oil,1,0.14326647564469913
0ae166dffde0e368e9c713968ea83fc7,KOR,South Korea,Wave and Tidal,1,0.14326647564469913
3e30ce90c5b1d89ae09b7d4c73d8e172,ESP,Spain,Coal,1,0.14326647564469913
3e30ce90c5b1d89ae09b7d4c73d8e172,ESP,Spain,Gas,1,0.14326647564469913
3e30ce90c5b1d89ae09b7d4c73d8e172,ESP,Spain,Waste,1,0.14326647564469913
3e30ce90c5b1d89ae09b7d4c73d8e172,ESP,Spain,Wind,1,0.14326647564469913
3e30ce90c5b1d89ae09b7d4c73d8e172,ESP,Spain,Biomass,1,0.14326647564469913
3e30ce90c5b1d89ae09b7d4c73d8e172,ESP,Spain,Hydro,1,0.14326647564469913
3e30ce90c5b1d89ae09b7d4c73d8e172,ESP,Spain,Solar,1,0.14326647564469913
3e30ce90c5b1d89ae09b7d4c73d8e172,ESP,Spain,Oil,1,0.14326647564469913
3e30ce90c5b1d89ae09b7d4c73d8e172,ESP,Spain,Nuclear,1,0.14326647564469913
1f519ee4e85325bddadc03bdddd1a5e9,LKA,Sri Lanka,Wind,1,0.14326647564469913
1f519ee4e85325bddadc03bdddd1a5e9,LKA,Sri Lanka,Oil,1,0.14326647564469913
1f519ee4e85325bddadc03bdddd1a5e9,LKA,Sri Lanka,Hydro,1,0.14326647564469913
1f519ee4e85325bddadc03bdddd1a5e9,LKA,Sri Lanka,Solar,1,0.14326647564469913
1f519ee4e85325bddadc03bdddd1a5e9,LKA,Sri Lanka,Coal,1,0.14326647564469913
81d06921381e09cdf78ed0f8a92df105,SDN,Sudan,Oil,1,0.14326647564469913
81d06921381e09cdf78ed0f8a92df105,SDN,Sudan,Gas,1,0.14326647564469913
81d06921381e09cdf78ed0f8a92df105,SDN,Sudan,Hydro,1,0.14326647564469913
81d06921381e09cdf78ed0f8a92df105,SDN,Sudan,Biomass,1,0.14326647564469913
491d8df90c3af9133046f518c9a35b9a,SUR,Suriname,Solar,1,0.14326647564469913
09c1444d2c5576540376eef5963a9b1f,SWZ,Swaziland,Hydro,1,0.14326647564469913
09c1444d2c5576540376eef5963a9b1f,SWZ,Swaziland,Biomass,1,0.14326647564469913
572ef6761a1bd9204e45adf40fbf70ca,SWE,Sweden,Hydro,1,0.14326647564469913
572ef6761a1bd9204e45adf40fbf70ca,SWE,Sweden,Biomass,1,0.14326647564469913
572ef6761a1bd9204e45adf40fbf70ca,SWE,Sweden,Wind,1,0.14326647564469913
572ef6761a1bd9204e45adf40fbf70ca,SWE,Sweden,Nuclear,1,0.14326647564469913
572ef6761a1bd9204e45adf40fbf70ca,SWE,Sweden,Gas,1,0.14326647564469913
572ef6761a1bd9204e45adf40fbf70ca,SWE,Sweden,Oil,1,0.14326647564469913
572ef6761a1bd9204e45adf40fbf70ca,SWE,Sweden,Coal,1,0.14326647564469913
cf308f14df4c9f861149e77fbc5202e8,CHE,Switzerland,Hydro,1,0.14326647564469913
cf308f14df4c9f861149e77fbc5202e8,CHE,Switzerland,Solar,1,0.14326647564469913
cf308f14df4c9f861149e77fbc5202e8,CHE,Switzerland,Nuclear,1,0.14326647564469913
26d46d7d955a97b995b3613d32b4cba1,SYR,Syrian Arab Republic,Gas,1,0.14326647564469913
26d46d7d955a97b995b3613d32b4cba1,SYR,Syrian Arab Republic,Oil,1,0.14326647564469913
26d46d7d955a97b995b3613d32b4cba1,SYR,Syrian Arab Republic,Hydro,1,0.14326647564469913
12c2702f76e0da5ed9b9ecbb6e92f177,TWN,Taiwan,Wind,1,0.14326647564469913
12c2702f76e0da5ed9b9ecbb6e92f177,TWN,Taiwan,Solar,1,0.14326647564469913
12c2702f76e0da5ed9b9ecbb6e92f177,TWN,Taiwan,Coal,1,0.14326647564469913
12c2702f76e0da5ed9b9ecbb6e92f177,TWN,Taiwan,Gas,1,0.14326647564469913
12c2702f76e0da5ed9b9ecbb6e92f177,TWN,Taiwan,Nuclear,1,0.14326647564469913
12c2702f76e0da5ed9b9ecbb6e92f177,TWN,Taiwan,Hydro,1,0.14326647564469913
12c2702f76e0da5ed9b9ecbb6e92f177,TWN,Taiwan,Oil,1,0.14326647564469913
0df83ca97e34a9d6dabb582c9881c07f,TJK,Tajikistan,Hydro,1,0.14326647564469913
0df83ca97e34a9d6dabb582c9881c07f,TJK,Tajikistan,Oil,1,0.14326647564469913
e31c59b78ddd142d37b69f1de291eb69,TZA,Tanzania,Hydro,1,0.14326647564469913
e31c59b78ddd142d37b69f1de291eb69,TZA,Tanzania,Oil,1,0.14326647564469913
e31c59b78ddd142d37b69f1de291eb69,TZA,Tanzania,Gas,1,0.14326647564469913
6932d1bc0888bceb19deba45f1696939,THA,Thailand,Solar,1,0.14326647564469913
6932d1bc0888bceb19deba45f1696939,THA,Thailand,Gas,1,0.14326647564469913
6932d1bc0888bceb19deba45f1696939,THA,Thailand,Coal,1,0.14326647564469913
6932d1bc0888bceb19deba45f1696939,THA,Thailand,Hydro,1,0.14326647564469913
6932d1bc0888bceb19deba45f1696939,THA,Thailand,Wind,1,0.14326647564469913
6932d1bc0888bceb19deba45f1696939,THA,Thailand,Biomass,1,0.14326647564469913
8c660c31145e714e8073c2ea6a4124bc,TGO,Togo,Oil,1,0.14326647564469913
8c660c31145e714e8073c2ea6a4124bc,TGO,Togo,Hydro,1,0.14326647564469913
8c660c31145e714e8073c2ea6a4124bc,TGO,Togo,Gas,1,0.14326647564469913
84a397be139358f2801e923999c7da33,TTO,Trinidad and Tobago,Gas,1,0.14326647564469913
84a397be139358f2801e923999c7da33,TTO,Trinidad and Tobago,Oil,1,0.14326647564469913
0f2d5329352ed8f095bbce6e7b9181b7,TUN,Tunisia,Hydro,1,0.14326647564469913
0f2d5329352ed8f095bbce6e7b9181b7,TUN,Tunisia,Gas,1,0.14326647564469913
0f2d5329352ed8f095bbce6e7b9181b7,TUN,Tunisia,Wind,1,0.14326647564469913
19fe68e7a1c3db1e9425a14ef463cedb,TUR,Turkey,Solar,1,0.14326647564469913
19fe68e7a1c3db1e9425a14ef463cedb,TUR,Turkey,Coal,1,0.14326647564469913
19fe68e7a1c3db1e9425a14ef463cedb,TUR,Turkey,Gas,1,0.14326647564469913
19fe68e7a1c3db1e9425a14ef463cedb,TUR,Turkey,Geothermal,1,0.14326647564469913
19fe68e7a1c3db1e9425a14ef463cedb,TUR,Turkey,Hydro,1,0.14326647564469913
19fe68e7a1c3db1e9425a14ef463cedb,TUR,Turkey,Wind,1,0.14326647564469913
19fe68e7a1c3db1e9425a14ef463cedb,TUR,Turkey,Oil,1,0.14326647564469913
3cf18fb473b9f4ab9a20032392a92eb2,TKM,Turkmenistan,Gas,1,0.14326647564469913
3cf18fb473b9f4ab9a20032392a92eb2,TKM,Turkmenistan,Oil,1,0.14326647564469913
0f1aa565e9bc35415d7790b3408efd4e,UGA,Uganda,Hydro,1,0.14326647564469913
0f1aa565e9bc35415d7790b3408efd4e,UGA,Uganda,Solar,1,0.14326647564469913
0f1aa565e9bc35415d7790b3408efd4e,UGA,Uganda,Biomass,1,0.14326647564469913
0f1aa565e9bc35415d7790b3408efd4e,UGA,Uganda,Oil,1,0.14326647564469913
faa4f15775f191e1b1c28cdf0d279497,UKR,Ukraine,Solar,1,0.14326647564469913
faa4f15775f191e1b1c28cdf0d279497,UKR,Ukraine,Coal,1,0.14326647564469913
faa4f15775f191e1b1c28cdf0d279497,UKR,Ukraine,Hydro,1,0.14326647564469913
faa4f15775f191e1b1c28cdf0d279497,UKR,Ukraine,Gas,1,0.14326647564469913
faa4f15775f191e1b1c28cdf0d279497,UKR,Ukraine,Nuclear,1,0.14326647564469913
6cf389757399a3d8def3269f8d1f7e81,ARE,United Arab Emirates,Gas,1,0.14326647564469913
6cf389757399a3d8def3269f8d1f7e81,ARE,United Arab Emirates,Solar,1,0.14326647564469913
a697acf848b7c983af62cca5f77dd1f2,GBR,United Kingdom,Biomass,1,0.14326647564469913
a697acf848b7c983af62cca5f77dd1f2,GBR,United Kingdom,Solar,1,0.14326647564469913
a697acf848b7c983af62cca5f77dd1f2,GBR,United Kingdom,Wind,1,0.14326647564469913
a697acf848b7c983af62cca5f77dd1f2,GBR,United Kingdom,Coal,1,0.14326647564469913
a697acf848b7c983af62cca5f77dd1f2,GBR,United Kingdom,Gas,1,0.14326647564469913
a697acf848b7c983af62cca5f77dd1f2,GBR,United Kingdom,Hydro,1,0.14326647564469913
a697acf848b7c983af62cca5f77dd1f2,GBR,United Kingdom,Waste,1,0.14326647564469913
a697acf848b7c983af62cca5f77dd1f2,GBR,United Kingdom,Storage,1,0.14326647564469913
a697acf848b7c983af62cca5f77dd1f2,GBR,United Kingdom,Oil,1,0.14326647564469913
a697acf848b7c983af62cca5f77dd1f2,GBR,United Kingdom,Nuclear,1,0.14326647564469913
a697acf848b7c983af62cca5f77dd1f2,GBR,United Kingdom,Wave and Tidal,1,0.14326647564469913
a697acf848b7c983af62cca5f77dd1f2,GBR,United Kingdom,Cogeneration,1,0.14326647564469913
f75d91cdd36b85cc4a8dfeca4f24fa14,USA,United States of America,Solar,1,0.14326647564469913
f75d91cdd36b85cc4a8dfeca4f24fa14,USA,United States of America,Gas,1,0.14326647564469913
f75d91cdd36b85cc4a8dfeca4f24fa14,USA,United States of America,Oil,1,0.14326647564469913
f75d91cdd36b85cc4a8dfeca4f24fa14,USA,United States of America,Hydro,1,0.14326647564469913
f75d91cdd36b85cc4a8dfeca4f24fa14,USA,United States of America,Wind,1,0.14326647564469913
f75d91cdd36b85cc4a8dfeca4f24fa14,USA,United States of America,Coal,1,0.14326647564469913
f75d91cdd36b85cc4a8dfeca4f24fa14,USA,United States of America,Biomass,1,0.14326647564469913
f75d91cdd36b85cc4a8dfeca4f24fa14,USA,United States of America,Waste,1,0.14326647564469913
f75d91cdd36b85cc4a8dfeca4f24fa14,USA,United States of America,Storage,1,0.14326647564469913
f75d91cdd36b85cc4a8dfeca4f24fa14,USA,United States of America,Cogeneration,1,0.14326647564469913
f75d91cdd36b85cc4a8dfeca4f24fa14,USA,United States of America,Geothermal,1,0.14326647564469913
f75d91cdd36b85cc4a8dfeca4f24fa14,USA,United States of America,Petcoke,1,0.14326647564469913
f75d91cdd36b85cc4a8dfeca4f24fa14,USA,United States of America,Nuclear,1,0.14326647564469913
f75d91cdd36b85cc4a8dfeca4f24fa14,USA,United States of America,Other,1,0.14326647564469913
a4a8b0d1f235751e456298cbcdf07611,URY,Uruguay,Solar,1,0.14326647564469913
a4a8b0d1f235751e456298cbcdf07611,URY,Uruguay,Biomass,1,0.14326647564469913
a4a8b0d1f235751e456298cbcdf07611,URY,Uruguay,Wind,1,0.14326647564469913
a4a8b0d1f235751e456298cbcdf07611,URY,Uruguay,Hydro,1,0.14326647564469913
a4a8b0d1f235751e456298cbcdf07611,URY,Uruguay,Gas,1,0.14326647564469913
a4a8b0d1f235751e456298cbcdf07611,URY,Uruguay,Oil,1,0.14326647564469913
adff47e4c0c29cb98887e72417675929,UZB,Uzbekistan,Hydro,1,0.14326647564469913
adff47e4c0c29cb98887e72417675929,UZB,Uzbekistan,Coal,1,0.14326647564469913
adff47e4c0c29cb98887e72417675929,UZB,Uzbekistan,Oil,1,0.14326647564469913
adff47e4c0c29cb98887e72417675929,UZB,Uzbekistan,Gas,1,0.14326647564469913
adff47e4c0c29cb98887e72417675929,UZB,Uzbekistan,Solar,1,0.14326647564469913
22d7d369835711775458be9ae5ec57af,VEN,Venezuela,Gas,1,0.14326647564469913
22d7d369835711775458be9ae5ec57af,VEN,Venezuela,Hydro,1,0.14326647564469913
d13415fed0e00fbe5d279bdfdecf7de2,VNM,Vietnam,Hydro,1,0.14326647564469913
d13415fed0e00fbe5d279bdfdecf7de2,VNM,Vietnam,Oil,1,0.14326647564469913
d13415fed0e00fbe5d279bdfdecf7de2,VNM,Vietnam,Coal,1,0.14326647564469913
d13415fed0e00fbe5d279bdfdecf7de2,VNM,Vietnam,Gas,1,0.14326647564469913
d13415fed0e00fbe5d279bdfdecf7de2,VNM,Vietnam,Wind,1,0.14326647564469913
d13415fed0e00fbe5d279bdfdecf7de2,VNM,Vietnam,Solar,1,0.14326647564469913
d13415fed0e00fbe5d279bdfdecf7de2,VNM,Vietnam,Biomass,1,0.14326647564469913
dd2845dfd04d56afea26c770a735f43a,ESH,Western Sahara,Oil,1,0.14326647564469913
2c4717590716f8e463fe745916ec41b5,YEM,Yemen,Oil,1,0.14326647564469913
2c4717590716f8e463fe745916ec41b5,YEM,Yemen,Gas,1,0.14326647564469913
bb44dc27fab2f794d6a2d7b6275fcf4a,ZMB,Zambia,Oil,1,0.14326647564469913
bb44dc27fab2f794d6a2d7b6275fcf4a,ZMB,Zambia,Hydro,1,0.14326647564469913
bb44dc27fab2f794d6a2d7b6275fcf4a,ZMB,Zambia,Solar,1,0.14326647564469913
bb44dc27fab2f794d6a2d7b6275fcf4a,ZMB,Zambia,Coal,1,0.14326647564469913
bb44dc27fab2f794d6a2d7b6275fcf4a,ZMB,Zambia,Biomass,1,0.14326647564469913
2c4e236fd88e443ab91a47f0d9594b2a,ZWE,Zimbabwe,Coal,1,0.14326647564469913
2c4e236fd88e443ab91a47f0d9594b2a,ZWE,Zimbabwe,Hydro,1,0.14326647564469913
